mission,koi_id,koi_name,koi_time0bk,koi_period,koi_duration,koi_is_planet
TESS,50365310,1000.01,2459229.630046,2.171348,0.084051,0
TESS,124709665,1002.01,2459202.277870,1.867588,0.092161,0
TESS,106997505,1003.01,2458493.395700,2.743230,0.131958,0
TESS,238597883,1004.01,2459229.549032,3.577575,0.122280,0
TESS,169904935,1005.01,2458492.555200,4.550720,0.108292,0
TESS,156115721,1006.01,2459229.984579,2.504792,0.182490,0
TESS,440801822,1008.01,2458492.521350,2.049360,0.093083,0
TESS,231663901,101.01,2459036.904104,1.430369,0.068495,1
TESS,139853601,1010.01,2459228.878101,0.680870,0.102644,0
TESS,97700520,1013.01,2459232.248322,5.425555,0.165156,0
TESS,175310067,1016.01,2459238.831138,12.688942,0.330004,0
TESS,182943944,1017.01,2458518.965360,1.104220,0.098750,0
TESS,291555748,1018.01,2458492.780780,4.959120,0.104542,0
TESS,149603524,102.01,2459384.943122,4.411929,0.162250,1
TESS,140706664,1020.01,2458521.291080,3.288920,0.158042,0
TESS,143994283,1021.01,2458492.904290,1.908790,0.079542,0
TESS,238374636,1023.01,2459303.303969,1.321448,0.143125,0
TESS,141482386,1024.01,2458339.722760,18.015700,0.105167,0
TESS,388624270,1026.01,2459237.459734,14.269437,0.288960,0
TESS,447283466,1028.01,2458544.480660,1.016060,0.118458,0
TESS,374908020,1029.01,2458365.893130,36.222140,0.212792,0
TESS,336732616,103.01,2458327.252560,3.547854,0.145597,1
TESS,464296022,1030.01,2458551.327470,12.123690,0.202042,0
TESS,304021498,1031.01,2459282.239861,5.649683,0.106720,0
TESS,149601557,1033.01,2459179.544550,29.016250,0.271125,0
TESS,400595342,1034.01,2459283.337537,3.634469,0.105580,0
TESS,363260203,1037.01,2459308.305635,1.201327,0.143647,0
TESS,90544017,1038.01,2459273.371643,3.223599,0.089958,0
TESS,231670397,104.01,2459038.863566,4.087299,0.232755,1
TESS,310483807,1040.01,2458520.656740,2.555550,0.065250,0
TESS,385624852,1041.01,2459261.801216,8.307920,0.134500,0
TESS,90448944,1043.01,2459305.355863,1.441571,0.099250,0
TESS,54044474,1045.01,2459301.544126,3.703999,0.178208,0
TESS,309787037,1046.01,2459255.760033,1.303890,0.085197,0
TESS,370745311,1047.01,2458544.790610,0.626270,0.027750,0
TESS,384549882,1048.01,2458518.376000,0.304120,0.031167,0
TESS,16288184,1049.01,2459363.821393,2.180528,0.123716,1
TESS,144065872,105.01,2459084.585010,2.184667,0.119387,1
TESS,66818296,1050.01,2459336.867880,3.735570,0.180263,1
TESS,259863352,1051.01,2458657.736625,21.701669,0.344485,0
TESS,112395568,1053.01,2458657.999179,5.742625,0.119179,0
TESS,366989877,1054.01,2458664.970821,15.507730,0.210390,1
TESS,320004517,1055.01,2458661.062997,17.471288,0.179081,1
TESS,38846515,106.01,2459386.715318,2.849382,0.158583,1
TESS,253990973,1061.01,2458654.253249,0.540933,0.069764,0
TESS,299799658,1062.01,2458325.426781,4.115013,0.049834,1
TESS,79748331,1064.01,2458656.668250,6.443857,0.079309,1
TESS,79748331,1064.02,2458664.491265,12.226488,0.090371,1
TESS,7088246,1065.01,2458654.347994,2.160344,0.076202,1
TESS,201604954,1066.01,2458657.832537,4.606184,0.130068,1
TESS,201642601,1067.01,2459039.050910,3.131659,0.097386,1
TESS,6663331,1068.01,2458656.633231,3.180362,0.087980,1
TESS,31858843,1069.01,2458655.579589,2.977637,0.130169,1
TESS,92352620,107.01,2459039.335846,3.950201,0.190182,1
TESS,31858844,1070.01,2458655.579241,2.977615,0.135707,0
TESS,120247528,1071.01,2458655.395924,3.553814,0.085691,1
TESS,140830390,1072.01,2459211.732146,12.837969,0.410267,0
TESS,158297421,1073.01,2459036.472812,3.922802,0.078067,1
TESS,360742636,1076.01,2458654.162996,2.549566,0.108054,1
TESS,370133522,1078.01,2458654.105455,0.518239,0.031250,1
TESS,289793076,108.01,2458328.083830,3.044054,0.108269,1
TESS,380589029,1084.01,2459388.903698,1.348496,0.100218,1
TESS,426077080,1087.01,2458630.771940,9.309920,0.144333,0
TESS,343648136,1088.01,2458626.389550,1.153950,0.093167,0
TESS,129319156,1089.01,2458643.102640,4.737030,0.162583,0
TESS,29344935,109.01,2458326.127889,2.766748,0.108325,1
TESS,361034196,1090.01,2458628.963160,2.192960,0.191083,0
TESS,387079085,1092.01,2458601.380960,1.192300,0.129958,0
TESS,382331352,1093.01,2458601.337910,11.476060,0.253458,0
TESS,375225453,1096.01,2459307.935770,0.920953,0.077511,0
TESS,383390264,1098.01,2458629.909005,10.182698,0.120492,1
TESS,281459670,110.01,2458328.040318,3.174347,0.110480,1
TESS,271581073,1101.01,2459037.441764,2.669008,0.073711,0
TESS,311890977,1102.01,2458627.804230,6.633710,0.088417,0
TESS,295599256,1108.01,2458655.548720,7.143860,0.061125,0
TESS,50309953,1109.01,2459083.351680,7.040830,0.124125,0
TESS,355703913,111.01,2458326.105050,2.106161,0.061139,1
TESS,446549905,1110.01,2458654.608890,2.454660,0.097125,0
TESS,412014494,1111.01,2458663.001910,11.465970,0.070750,0
TESS,369864738,1112.01,2458626.541680,2.781860,0.102333,0
TESS,290348382,1113.01,2458658.787150,6.440490,0.077250,0
TESS,90919952,1118.01,2458660.163160,4.138120,0.162958,0
TESS,388104525,112.01,2459307.332998,2.499800,0.119382,1
TESS,143257766,1120.01,2458656.448540,1.662550,0.136875,0
TESS,24094603,1121.01,2458658.610520,4.076110,0.085917,0
TESS,304774444,1122.01,2458658.774210,3.626540,0.137417,0
TESS,405862830,1126.01,2458658.248050,1.626520,0.139792,0
TESS,269450900,1127.01,2458657.630730,2.324390,0.185542,0
TESS,425721385,1128.01,2458663.152450,13.549900,0.074792,0
TESS,91576611,1129.01,2458659.069270,4.436510,0.140208,0
TESS,97409519,113.01,2458327.053085,3.372877,0.109761,1
TESS,254113311,1130.01,2458657.898050,8.349980,0.076500,1
TESS,254113311,1130.02,2458658.738050,4.067190,0.074292,1
TESS,267489265,1132.01,2458683.679400,1.550580,0.123167,0
TESS,69997672,1133.01,2458684.234900,1.807090,0.137375,0
TESS,122220263,1134.01,2458688.527950,nan,0.297583,0
TESS,110428269,1138.01,2458684.205040,0.649710,0.086500,0
TESS,25155310,114.01,2459363.488348,3.288788,0.142348,1
TESS,320525204,1140.01,2459400.983335,13.742953,0.102027,0
TESS,159510109,1141.01,2459425.490038,16.948709,0.178699,0
TESS,284450803,1142.01,2459439.857432,3.368774,0.089042,0
TESS,160268701,1143.01,2458694.078750,11.196020,0.177708,0
TESS,28230919,1144.01,2459420.376531,4.887801,0.097924,1
TESS,350995812,1145.01,2458685.816430,2.971640,0.063917,0
TESS,21755546,1146.01,2459420.415267,0.660179,0.068122,0
TESS,288391628,1147.01,2458692.142240,10.927460,0.080333,0
TESS,349827430,1148.01,2459606.364026,5.551488,0.176083,1
TESS,281541555,115.01,2458329.902014,4.742379,0.105492,1
TESS,16740101,1150.01,2458683.441986,1.481139,0.165937,1
TESS,69679391,1151.01,2459441.668735,3.474127,0.138458,1
TESS,237184773,1152.01,2458684.090870,6.501200,0.227208,0
TESS,161450762,1155.01,2458683.925940,1.320030,0.132292,0
TESS,117256577,1156.01,2459443.850453,1.686582,0.101208,0
TESS,379931600,1158.01,2458685.433800,2.925640,0.167792,0
TESS,48188920,1159.01,2458683.947070,0.737740,0.026500,0
TESS,238176110,116.01,2459037.528460,2.798579,0.097506,1
TESS,89510024,1160.01,2458683.737200,2.365490,0.073833,0
TESS,158324245,1161.01,2459420.733727,1.763589,0.135483,1
TESS,16102323,1164.01,2458686.759920,3.208060,0.090625,0
TESS,458478250,1165.01,2459608.579311,2.255286,0.094647,1
TESS,138361973,1166.01,2458684.933720,1.883270,0.103000,0
TESS,232967666,1167.01,2458689.116330,15.196000,0.074667,0
TESS,41330864,1168.01,2458684.844640,2.136000,0.072500,0
TESS,322307342,117.01,2459063.655791,3.586296,0.140462,1
TESS,294176967,1170.01,2458683.481150,0.913970,0.081458,0
TESS,101929303,1171.01,2458684.234140,11.186440,0.134458,0
TESS,1717732429,1172.01,2458687.796320,7.856940,0.247292,0
TESS,30329585,1175.01,2459437.549479,7.502271,0.108542,0
TESS,169177766,1177.01,2458684.338120,1.691270,0.133583,0
TESS,359496368,1178.01,2458685.178550,2.665900,0.146125,0
TESS,266980320,118.01,2459083.508550,6.034457,0.091977,1
TESS,341544930,1182.01,2458689.791700,7.642450,0.111833,0
TESS,258777137,1183.01,2458686.002780,5.929320,0.136907,0
TESS,83210867,1185.01,2458684.474510,1.195730,0.065375,0
TESS,15247229,1188.01,2458687.192530,8.511200,0.145250,0
TESS,237185205,1191.01,2459441.423236,15.733569,0.137000,0
TESS,89643259,1193.01,2458684.204750,2.222230,0.099208,0
TESS,24364065,1195.01,2458686.846960,4.051350,0.100000,0
TESS,203189770,1198.01,2459420.242675,3.612674,0.168793,1
TESS,394137592,120.01,2458332.082805,11.535076,0.356498,1
TESS,288185138,1200.01,2458683.825370,0.835150,0.044542,0
TESS,29960110,1201.01,2458411.670877,2.491977,0.059742,1
TESS,327017634,1202.01,2458614.434411,nan,0.113616,0
TESS,23434737,1203.01,2458553.062116,25.519531,0.278656,1
TESS,308034948,1206.01,2458569.713498,0.831542,0.082731,0
TESS,33878688,1210.01,2459187.359450,79.373754,0.224167,0
TESS,399144800,1213.01,2458576.188450,27.214103,0.163944,0
TESS,231702397,122.01,2458329.120248,5.078025,0.051726,1
TESS,360156606,1227.01,2458617.476078,27.363343,0.172505,1
TESS,290131778,123.01,2458325.374915,3.308877,0.235922,1
TESS,287156968,1230.01,2458620.317112,25.056686,0.279516,1
TESS,447061717,1231.01,2458563.889063,24.245582,0.135306,1
TESS,260647166,1233.01,2459308.481159,14.175895,0.156433,1
TESS,260647166,1233.02,2459311.402774,19.590158,0.166786,1
TESS,260647166,1233.03,2459310.632995,6.203622,0.125457,1
TESS,260647166,1233.04,2458572.107559,3.795890,0.102512,1
TESS,103633434,1235.01,2459444.897093,3.444678,0.094750,1
TESS,120757718,1236.01,2459422.690639,3.030068,0.104452,1
TESS,120960812,1237.01,2459425.497022,12.720565,0.098333,1
TESS,154716798,1239.01,2459591.456599,12.639742,0.141886,1
TESS,158170594,1240.01,2459421.329910,1.720857,0.078685,1
TESS,52368076,125.01,2458327.445438,4.651791,0.138466,1
TESS,52368076,125.02,2458334.446433,9.154662,0.128070,1
TESS,52368076,125.03,2458342.850757,19.981251,0.127597,1
TESS,233059608,1250.01,2458683.642967,1.441504,0.038644,0
TESS,237222864,1255.01,2459597.078442,10.288908,0.060458,1
TESS,274762761,1256.01,2458683.947476,1.033244,0.158408,0
TESS,278348461,1257.01,2459439.292006,5.452698,0.142167,1
TESS,288735205,1259.01,2459608.364607,3.478038,0.103096,1
TESS,70440470,126.01,2458326.731096,3.035398,0.116519,1
TESS,355867695,1260.01,2458684.011410,3.127469,0.091618,1
TESS,355867695,1260.02,2458686.114828,7.493216,0.087582,1
TESS,424865156,1265.01,2459443.199443,2.204798,0.164833,1
TESS,467179528,1266.01,2459617.067824,10.894860,0.086874,1
TESS,467179528,1266.02,2459611.249023,18.801532,0.080179,1
TESS,158561566,1267.01,2459425.412816,6.790092,0.247509,1
TESS,234523599,127.01,2458325.650603,3.795518,0.084159,1
TESS,286923464,1271.01,2458712.665520,6.134880,0.232708,1
TESS,43064903,1276.01,2458712.548761,6.264298,0.099583,0
TESS,153949511,1277.01,2458684.965000,nan,0.191667,0
TESS,163539739,1278.01,2458711.959772,14.476217,0.064893,1
TESS,236445129,1282.01,2459445.892853,0.968994,0.095625,1
TESS,266593143,1283.01,2458719.475770,10.337891,0.169391,1
TESS,267561446,1284.01,2458711.815604,1.283251,0.083844,0
TESS,274662200,1285.01,2458712.366400,1.228439,0.079959,0
TESS,408203470,1289.01,2458711.410631,0.581322,0.055255,0
TESS,201248411,129.01,2458326.102581,0.980981,0.022521,1
TESS,417676622,1290.01,2458683.410061,5.398755,0.160707,1
TESS,199688472,1292.01,2458685.090320,1.441190,0.091208,0
TESS,219854185,1296.01,2459609.187285,3.944367,0.199333,1
TESS,229536616,1297.01,2458686.938660,3.930340,0.152792,0
TESS,237104103,1298.01,2459610.157926,4.537157,0.161875,1
TESS,258777134,1299.01,2459599.130762,5.929405,0.154958,0
TESS,263003176,130.01,2459368.982611,14.339206,0.191118,1
TESS,293687315,1300.01,2459610.148163,2.871546,0.193481,1
TESS,185405474,1303.01,2458684.136350,1.560290,0.114625,0
TESS,186000935,1304.01,2459434.724903,8.873485,0.138542,0
TESS,232679662,1305.01,2458687.799350,7.850210,0.293250,0
TESS,233735068,1306.01,2458683.635000,7.686660,0.183750,0
TESS,277014266,1308.01,2459446.290468,1.379709,0.098000,0
TESS,287190564,1309.01,2458684.762840,1.498610,0.119625,0
TESS,294179389,1310.01,2458685.470500,2.679600,0.115458,0
TESS,11111899,1313.01,2458684.289280,0.619440,0.065917,0
TESS,137284119,1315.01,2458711.977380,2.572820,0.143542,0
TESS,15565627,1316.01,2458684.060720,3.805090,0.139458,0
TESS,165523947,1317.01,2458711.857760,2.990410,0.164667,0
TESS,167098530,1319.01,2458712.796620,1.784110,0.075250,0
TESS,89020549,132.01,2458326.902893,2.109685,0.088378,1
TESS,195199644,1321.01,2458712.259710,1.198880,0.064917,0
TESS,256886630,1323.01,2458713.200590,2.039050,0.094167,0
TESS,274942910,1325.01,2458711.996180,1.079220,0.099708,0
TESS,345996087,1329.01,2458712.723220,2.019760,0.141417,0
TESS,387664866,1331.01,2458712.517580,2.656460,0.103125,0
TESS,387664868,1332.01,2458712.513690,2.656880,0.108958,0
TESS,395171208,1333.01,2458715.117140,4.720880,0.182250,1
TESS,42123111,1334.01,2458686.467100,4.033490,0.111833,0
TESS,89759617,1335.01,2458685.602750,3.330410,0.165667,0
TESS,92783821,1336.01,2459442.068334,3.861598,0.069917,0
TESS,160708862,1337.01,2459335.352184,3.344911,0.145701,1
TESS,260128333,1338.01,2458579.042507,95.200000,0.484654,1
TESS,269701147,1339.01,2459612.268904,8.880323,0.127114,1
TESS,269701147,1339.02,2458726.055504,28.579673,0.184875,1
TESS,269701147,1339.03,2458743.551162,38.353532,0.235974,1
TESS,234994474,134.01,2458326.033161,1.401525,0.055083,1
TESS,233681149,1340.01,2458683.689629,8.587467,0.214412,0
TESS,233390838,1341.01,2459433.723305,6.447497,0.107500,0
TESS,256621916,1342.01,2458684.475620,1.413540,0.050542,0
TESS,358631536,1343.01,2458714.787440,3.403040,0.209583,0
TESS,229770036,1348.01,2458684.501730,2.140560,0.084542,0
TESS,267263253,135.01,2459039.738438,4.126910,0.184542,1
TESS,365683032,1354.01,2458716.300910,1.429040,0.137125,0
TESS,357972447,1357.01,2458715.169640,0.337590,0.055000,0
TESS,275501623,1358.01,2458739.599110,1.673460,0.105833,0
TESS,416624606,1359.01,2458717.601290,2.515840,0.110167,0
TESS,410153553,136.01,2459036.323679,0.462884,0.023284,1
TESS,330468175,1360.01,2458739.280000,0.709020,0.103750,0
TESS,230017325,1363.01,2459660.567695,9.692663,0.117333,0
TESS,367099243,1365.01,2458739.498470,1.828600,0.144333,0
TESS,129539786,1367.01,2458739.373040,2.088390,0.089167,0
TESS,136971594,1368.01,2458711.813690,1.255620,0.096000,0
TESS,176957796,137.01,2459199.440315,4.817380,0.055125,0
TESS,155114483,1370.01,2458740.102110,5.264910,0.105958,0
TESS,164150539,1372.01,2458741.732240,6.160270,0.014958,0
TESS,176899385,1373.01,2458740.188710,3.852880,0.135958,1
TESS,190430205,1374.01,2458712.068660,1.068840,0.104667,0
TESS,190442486,1375.01,2458715.253060,5.457270,0.133458,0
TESS,240613164,1377.01,2458712.053240,1.991430,0.172333,0
TESS,274170255,1380.01,2458712.049510,1.410720,0.109292,0
TESS,276360911,1382.01,2458738.896230,0.444820,0.044083,0
TESS,313506357,1383.01,2458739.626210,1.537090,0.097917,0
TESS,328167090,1384.01,2458739.015370,0.712550,0.075375,0
TESS,329864959,1385.01,2458739.967440,4.523180,0.212458,0
TESS,343442463,1387.01,2458739.522200,0.783810,0.060125,0
TESS,346338552,1388.01,2458739.942680,4.464910,0.112625,1
TESS,365389353,1390.01,2458716.353540,2.637250,0.119583,0
TESS,389182138,1391.01,2458740.107050,2.726870,0.102792,0
TESS,416987878,1392.01,2458712.766500,2.868760,0.100917,0
TESS,468845640,1396.01,2458741.729140,3.993070,0.199292,0
TESS,64553698,1397.01,2458739.384470,8.679110,0.146500,0
TESS,258801269,1400.01,2458689.025680,5.489230,0.137083,0
TESS,259129875,1402.01,2458684.097150,0.438890,0.039458,0
TESS,387834907,1405.01,2458739.880110,12.640010,0.287208,0
TESS,231736113,1406.01,2459218.231402,10.573982,0.168333,1
TESS,69747919,1407.01,2459085.391120,9.978130,0.129458,1
TESS,403224672,141.01,2459062.557243,1.008227,0.062603,1
TESS,164173105,1417.01,2458739.286637,3.072641,0.092899,1
TESS,224600500,1418.01,2458683.681558,0.676323,0.109162,0
TESS,311035838,1419.01,2458739.450795,2.899733,0.085408,1
TESS,128501004,1426.01,2458739.001200,0.789990,0.048042,0
TESS,2041563029,1427.01,2458747.009710,12.807580,0.149833,0
TESS,377304435,1428.01,2458691.560610,11.356260,0.251958,0
TESS,138968089,1429.01,2458711.558151,0.641256,0.046505,0
TESS,25375553,143.01,2458325.582463,2.310969,0.142933,1
TESS,375506058,1431.01,2458712.675266,2.650440,0.104977,1
TESS,261136679,144.01,2459365.963755,6.267811,0.125664,1
TESS,235683377,1442.01,2458683.451134,0.409074,0.022737,1
TESS,258514800,1444.01,2458711.369859,0.470254,0.048023,1
TESS,199376584,1456.01,2459440.739407,18.712192,0.251125,1
TESS,191284318,1458.01,2458766.821540,2.775980,0.124333,1
TESS,355636844,146.01,2458330.556180,6.296320,0.122417,0
TESS,188768068,1462.01,2459580.599154,2.177942,0.096864,1
TESS,190998418,1463.01,2458764.891401,2.879303,0.116099,1
TESS,236887394,1465.01,2459608.080733,1.420024,0.061500,1
TESS,283722336,1469.01,2458765.954785,3.092927,0.035433,1
TESS,283722336,1469.02,2458766.169561,6.765084,0.065772,1
TESS,220435095,147.01,2458326.612700,3.423210,0.097333,0
TESS,427654774,1474.01,2458765.042474,5.222621,0.195568,0
TESS,432549364,1476.01,2458765.533801,1.217509,0.113804,1
TESS,240681314,1477.01,2458765.648866,2.732681,0.093816,1
TESS,409794137,1478.01,2459249.262076,10.180207,0.161917,1
TESS,421308357,1479.01,2458685.032190,16.683560,0.121958,0
TESS,393940766,148.01,2458327.331330,4.867069,0.134656,1
TESS,452803785,1483.01,2458743.705980,5.006260,0.156667,0
TESS,67309890,1484.01,2458739.467560,1.162370,0.055417,0
TESS,233541860,1486.01,2458683.602000,0.266650,0.040833,0
TESS,459978312,1487.01,2458684.887390,23.287980,0.144250,0
TESS,198457103,1488.01,2458683.919900,0.472250,0.095958,0
TESS,354594208,1492.01,2458765.228130,0.866730,0.045375,0
TESS,15692883,1493.01,2458764.856300,5.141240,0.225208,1
TESS,411608801,1494.01,2459464.325734,5.026788,0.111583,1
TESS,431148743,1495.01,2458738.939540,2.628640,0.120458,0
TESS,384045439,1496.01,2458743.870660,10.826610,0.286542,0
TESS,371673488,1497.01,2458765.480810,0.815800,0.098042,0
TESS,316402246,1498.01,2458715.879840,1.397870,0.102167,0
TESS,414870287,1499.01,2458740.858900,4.958980,0.076292,0
TESS,271893367,150.01,2459363.044953,5.857407,0.243950,1
TESS,377420580,1500.01,2458765.582990,1.416600,0.097125,0
TESS,329145325,1501.01,2458739.603860,1.076720,0.114583,0
TESS,410528770,1502.01,2458740.815980,2.753470,0.144292,0
TESS,428065977,1503.01,2458739.140940,1.654450,0.133083,0
TESS,326114850,1504.01,2458739.378070,1.245640,0.056375,0
TESS,430677414,1507.01,2458738.930480,0.467410,0.052083,0
TESS,272828463,1509.01,2458765.040570,0.788770,0.065708,0
TESS,382302241,151.01,2458326.050130,1.597820,0.062083,0
TESS,377739433,1510.01,2458764.825220,1.238520,0.130750,0
TESS,376682699,1511.01,2458765.152990,1.102640,0.100792,0
TESS,269509393,1513.01,2458764.844170,1.765890,0.158625,0
TESS,270238522,1514.01,2458765.476360,1.369910,0.173167,0
TESS,470709084,1515.01,2458764.914450,3.663280,0.093958,0
TESS,455962313,1517.01,2458766.042220,4.510830,0.099625,0
TESS,427761355,1518.01,2458766.120600,1.902610,0.085292,1
TESS,272049972,1519.01,2458765.329700,1.095890,0.117375,0
TESS,403287048,152.01,2458327.923370,7.007760,0.111667,0
TESS,387413037,1523.01,2458738.950280,6.726940,0.110375,0
TESS,314338017,1524.01,2458719.566940,10.954780,0.189250,0
TESS,276380902,1525.01,2458715.192760,0.617240,0.051167,0
TESS,313761775,1526.01,2458716.352180,1.531270,0.054208,0
TESS,312259170,1529.01,2458764.940540,0.822900,0.086167,0
TESS,312469860,1530.01,2458764.793620,0.502610,0.046958,0
TESS,354600221,1534.01,2458764.816980,1.418530,0.113667,0
TESS,420288086,1535.01,2458769.585010,6.534270,0.153292,0
TESS,389525208,154.01,2458329.360850,6.746570,0.075125,0
TESS,318746829,1540.01,2458769.397100,5.231210,0.159417,0
TESS,319068154,1541.01,2458767.317680,3.797380,0.069708,0
TESS,367607434,1542.01,2458744.443530,8.291600,0.140042,0
TESS,431585347,1543.01,2458766.207930,5.136640,0.185417,0
TESS,127425841,1545.01,2458765.871530,1.516140,0.079917,0
TESS,409520860,1547.01,2458765.114160,0.719330,0.061417,0
TESS,191146556,1549.01,2458766.835450,2.585930,0.132583,0
TESS,241065596,1550.01,2458765.126770,1.623150,0.059917,0
TESS,299158887,1554.01,2459444.896746,9.434122,0.105458,1
TESS,441732151,1555.01,2458712.088790,2.099890,0.037833,0
TESS,405794804,1556.01,2458740.218730,1.441270,0.108542,0
TESS,320506985,1557.01,2458765.318970,1.086970,0.081958,0
TESS,117322779,1558.01,2458791.073010,0.686010,0.067250,0
TESS,220518305,156.01,2459128.643640,14.152000,0.149958,0
TESS,245462406,1561.01,2458791.817040,2.274560,0.138333,0
TESS,249862365,1562.01,2458791.529900,0.989990,0.085417,0
TESS,256414077,1566.01,2458793.382070,3.011060,0.128042,0
TESS,284050395,1568.01,2458765.475690,1.359320,0.117958,0
TESS,140691463,157.01,2459385.493775,2.084540,0.071417,1
TESS,285674856,1570.01,2458790.810380,1.746260,0.161667,0
TESS,285677945,1571.01,2458791.561060,1.242700,0.065125,0
TESS,292321872,1572.01,2458794.152170,8.666980,0.254333,0
TESS,302773669,1573.01,2458809.070898,21.216412,0.129546,1
TESS,307111282,1574.01,2458804.600570,nan,0.399875,0
TESS,316254876,1575.01,2458793.174590,2.460940,0.128792,0
TESS,332154944,1577.01,2458791.368820,0.998370,0.068000,0
TESS,348135793,1578.01,2458791.586780,1.977410,0.272875,0
TESS,354400186,1579.01,2458794.281720,9.077680,0.115833,0
TESS,403136413,158.01,2458326.378110,2.512660,0.100458,0
TESS,354469661,1580.01,2458792.470780,4.795390,0.201417,1
TESS,374400599,1582.01,2458791.814900,1.892530,0.143792,0
TESS,403256331,1583.01,2458765.821230,3.771880,0.121792,0
TESS,418987806,1584.01,2458791.062760,0.886540,0.069958,0
TESS,444415148,1585.01,2458764.874600,1.836410,0.092583,0
TESS,458914949,1587.01,2458796.597280,12.523000,0.185042,0
TESS,52041724,1589.01,2458800.806780,nan,0.167750,0
TESS,71854745,1590.01,2458793.510140,3.103150,0.147292,0
TESS,82010657,1591.01,2458807.936930,nan,0.335833,0
TESS,186599508,1592.01,2458794.896410,5.631807,0.143971,0
TESS,201154493,1594.01,2458792.198900,1.512330,0.107917,0
TESS,385105624,1595.01,2458793.374540,1.749030,0.077125,0
TESS,68152139,1597.01,2458792.465250,0.737720,0.044042,0
TESS,129979528,1599.01,2458791.414296,1.219868,0.119177,1
TESS,253917293,160.01,2458327.376270,4.608000,0.140958,0
TESS,187029841,1600.01,2458791.800960,0.361130,0.077917,0
TESS,139375960,1601.01,2458793.277280,5.331550,0.257958,1
TESS,73448352,1603.01,2458794.336200,4.732310,0.137875,1
TESS,118301361,1604.01,2458793.398280,3.466080,0.183458,0
TESS,26433869,1607.01,2459471.339568,1.035724,0.056917,0
TESS,229951289,1609.01,2458692.735360,13.311800,0.187167,0
TESS,264678534,1611.01,2459412.155726,16.201703,0.134868,1
TESS,268403451,1612.01,2459581.537354,2.864135,0.106792,1
TESS,272625214,1613.01,2458769.608340,5.246660,0.140708,0
TESS,317397615,1614.01,2458765.408050,0.743740,0.065458,0
TESS,322202434,1617.01,2458739.318010,1.401454,0.056792,0
TESS,376838000,1618.01,2458765.059650,2.167900,0.057917,0
TESS,388076005,1622.01,2458955.866361,1.714019,0.218066,0
TESS,461387302,1624.01,2458765.950180,5.807830,0.204583,0
TESS,470852531,1625.01,2458765.534040,1.494460,0.088083,0
TESS,157586003,1626.01,2459391.184996,3.332623,0.154739,1
TESS,424435940,1627.01,2459393.375248,5.017211,0.152193,1
TESS,284475976,1628.01,2459420.312281,2.143635,0.129544,1
TESS,310003988,1629.01,2458932.206600,4.542168,0.176749,1
TESS,179317684,163.01,2459365.506797,4.231115,0.180328,1
TESS,51024887,1632.01,2458797.344998,8.249187,0.207533,0
TESS,165551882,1633.01,2458798.104217,12.158280,0.089195,0
TESS,201186294,1634.01,2458791.515001,0.989330,0.043157,1
TESS,230086768,1635.01,2458736.130549,34.927272,0.112602,0
TESS,348673213,1639.01,2458791.468047,0.901465,0.106509,0
TESS,79395355,164.01,2458328.337330,7.318980,0.157125,0
TESS,396562848,1640.01,2458792.603719,1.949521,0.028160,1
TESS,22843856,1644.01,2459521.618633,1.849720,0.073208,0
TESS,184679932,1645.01,2458791.425546,2.172142,0.114503,0
TESS,387527558,1646.01,2458794.103356,3.623909,0.110700,0
TESS,154927364,1647.01,2458688.992010,6.973780,0.115708,0
TESS,122485078,1650.01,2458822.098740,9.150500,0.124417,0
TESS,138168780,1651.01,2459393.628255,3.764992,0.125168,1
TESS,27677846,1657.01,2458821.448540,5.625830,0.142583,0
TESS,311121985,1660.01,2458818.071420,1.356700,0.087917,0
TESS,312122956,1661.01,2459547.065465,2.049206,0.142375,0
TESS,339538183,1662.01,2458818.585530,2.609430,0.060958,0
TESS,353367071,1663.01,2458819.398740,2.375320,0.123208,0
TESS,354006740,1665.01,2458819.004170,1.764060,0.128583,0
TESS,368536386,1666.01,2458818.740120,1.694330,0.090375,0
TESS,409183335,1667.01,2458818.228150,3.321250,0.179333,0
TESS,417705690,1668.01,2458957.438830,2.363320,0.152958,0
TESS,459903429,1671.01,2458821.048760,8.136640,0.086833,0
TESS,468828873,1672.01,2458819.974430,3.896750,0.125042,0
TESS,470315428,1673.01,2458818.197460,1.086250,0.105583,0
TESS,73104318,1674.01,2458822.593240,7.454940,0.144375,0
TESS,8400842,1676.01,2458819.064098,3.191584,0.122032,1
TESS,96291218,1678.01,2459519.622274,6.852895,0.112125,0
TESS,9837861,1679.01,2458817.937500,0.657250,0.083250,0
TESS,367366318,1682.01,2459546.700984,2.734764,0.133958,1
TESS,28900646,1685.01,2458816.225016,0.669174,0.038025,1
TESS,183120439,169.01,2459062.718052,2.255446,0.069494,1
TESS,267574918,1690.01,2459419.987351,1.407933,0.009965,1
TESS,23650642,1700.01,2458843.380290,1.123550,0.067125,0
TESS,371210825,1702.01,2458842.749620,0.403120,0.035542,0
TESS,95129101,1704.01,2459575.195833,3.929983,0.089708,0
TESS,240148934,1707.01,2458843.266770,2.023650,0.107708,0
TESS,309257814,171.02,2459144.738743,1.813577,0.034926,0
TESS,461662295,1711.01,2458844.854660,10.255800,0.212000,0
TESS,239154970,1714.01,2459575.629547,3.474475,0.178000,1
TESS,29857954,172.01,2458326.919730,9.476369,0.197427,1
TESS,356473034,1720.01,2459601.816990,2.615858,0.130958,1
TESS,51234631,1721.01,2459605.140567,4.125058,0.179625,1
TESS,81212286,1724.01,2458843.027821,0.685081,0.044025,0
TESS,86396382,1725.01,2459550.243082,1.091417,0.115583,1
TESS,130181866,1726.01,2459584.599930,7.107563,0.136068,1
TESS,130181866,1726.02,2459583.637103,20.542929,0.169051,1
TESS,285048486,1728.01,2458843.274889,3.491567,0.078768,1
TESS,298666530,1729.01,2458842.505715,0.573209,0.019093,0
TESS,371234684,1731.01,2459580.327553,3.923126,0.139671,1
TESS,53427308,1733.01,2458844.765400,5.803220,0.065375,0
TESS,425997655,174.01,2458325.328637,17.667133,0.123253,1
TESS,425997655,174.02,2458340.303767,29.797621,0.120325,1
TESS,233602827,1749.01,2458685.935230,4.489130,0.077420,1
TESS,233602827,1749.02,2458688.781687,9.044604,0.079545,1
TESS,307210830,175.01,2459363.753057,3.690678,0.051594,1
TESS,307210830,175.02,2459338.784090,7.450732,0.021958,1
TESS,307210830,175.03,2459362.045884,2.253108,0.044556,1
TESS,272086159,176.01,2458363.043768,16.155373,0.064863,0
TESS,420112587,1760.01,2458691.531496,11.062666,0.086842,0
TESS,67666096,1766.01,2459635.207263,2.703394,0.121958,1
TESS,8767448,1767.01,2458892.510627,4.353234,0.161208,1
TESS,262530407,177.01,2458356.153228,2.853101,0.052444,1
TESS,252479260,1771.01,2459610.443333,3.212291,0.117623,1
TESS,332064670,1773.01,2459577.776735,0.736541,0.056042,1
TESS,4897275,1774.01,2458872.341155,16.710042,0.225019,1
TESS,67646988,1779.01,2459608.657835,1.881713,0.051655,1
TESS,251848941,178.01,2458360.242425,6.557670,0.100864,1
TESS,251848941,178.02,2458354.552190,20.708504,0.093189,1
TESS,251848941,178.03,2458362.949038,9.961997,0.111551,1
TESS,251848941,178.04,2458356.107512,3.238425,0.083088,1
TESS,99834717,1780.01,2459608.856301,1.706330,0.069504,1
TESS,137881699,1781.01,2459609.722137,2.972079,0.196346,1
TESS,86280613,1786.01,2458851.590400,9.572700,0.104458,0
TESS,450327768,1788.01,2458875.046710,5.343260,0.059417,0
TESS,172518755,1789.01,2459630.911267,3.208717,0.081917,1
TESS,304142124,1793.01,2458585.255320,55.087000,0.178167,1
TESS,135083444,1795.01,2458899.610227,2.791791,0.061101,0
TESS,138819293,1796.01,2458899.671523,2.643973,0.039787,1
TESS,17993892,1800.01,2459611.716695,4.124126,0.156108,1
TESS,180695581,1807.01,2458899.346311,0.549343,0.041774,1
TESS,307734817,1808.01,2458900.910995,2.107500,0.079556,0
TESS,347329162,1809.01,2458902.718492,4.617208,0.149534,1
TESS,373693175,1810.01,2458899.476842,1.327352,0.092954,1
TESS,377290815,1813.01,2458684.127190,0.798000,0.028292,0
TESS,237108272,1816.01,2458688.288570,22.787300,0.222250,0
TESS,82308728,1821.01,2458904.926270,9.497000,0.094500,1
TESS,229400092,1826.01,2459608.474198,4.141979,0.097832,1
TESS,390651552,1827.01,2458928.225191,1.467126,0.041972,1
TESS,183979262,183.01,2459063.727306,3.430757,0.131014,0
TESS,20182165,1830.01,2458956.469971,9.781534,0.136106,0
TESS,61098812,1833.01,2459573.923153,3.693597,0.179792,1
TESS,162689341,1838.01,2458930.001441,2.174657,0.115471,1
TESS,300871545,184.01,2459165.546503,4.817069,0.128042,0
TESS,165987272,1840.01,2458929.001787,7.844963,0.242934,1
TESS,168699373,1841.01,2458931.432466,4.301380,0.132067,1
TESS,258871793,1843.01,2458931.120722,9.146912,0.192437,0
TESS,198108326,1844.01,2458930.329998,3.212983,0.098410,1
TESS,54002556,1847.01,2458390.706550,nan,0.149375,1
TESS,100100827,185.01,2459140.570626,0.941452,0.085333,1
TESS,279741379,186.01,2458350.311822,35.613445,0.134349,1
TESS,279741379,186.02,2458332.283431,7.789725,0.103875,1
TESS,321668398,1862.01,2459582.186572,5.644202,0.110750,1
TESS,356919658,1863.01,2458683.898790,1.426110,0.074500,0
TESS,229791084,1864.01,2459608.592447,1.645326,0.108958,1
TESS,400476523,1867.01,2458700.973710,18.106710,0.190083,0
TESS,233503636,1871.01,2458685.821870,3.406120,0.071417,0
TESS,459997997,1888.01,2459328.032732,5.547485,0.225500,0
TESS,172370679,1899.01,2459439.215254,29.090227,0.194874,1
TESS,166739520,190.01,2459139.178447,10.020600,0.239965,1
TESS,178879588,1900.01,2459145.468004,3.056628,0.099693,1
TESS,19684256,1901.01,2459278.312088,1.366656,0.081958,1
TESS,272212970,1902.01,2459307.905216,1.609157,0.089123,1
TESS,77156657,1903.01,2459196.572151,3.840432,0.218417,1
TESS,272213425,1904.01,2459310.320561,4.325079,0.191001,1
TESS,429302040,1905.01,2458574.141940,5.722260,0.110333,1
TESS,308098254,1906.01,2459299.076740,9.624667,0.179042,1
TESS,453789494,1907.01,2459338.261449,5.477202,0.228845,1
TESS,37718056,1908.01,2458384.093920,3.656880,0.147583,1
TESS,232038798,1909.01,2459252.138447,4.153662,0.070917,1
TESS,183532609,191.01,2458358.920390,8.158454,0.184456,1
TESS,437261733,1910.01,2459296.222791,5.416113,0.141042,1
TESS,44745133,1911.01,2459166.297772,7.818143,0.207500,1
TESS,50712784,1912.01,2459249.035676,5.405358,0.202458,1
TESS,53458803,1913.01,2459252.258036,3.348904,0.139776,1
TESS,53750200,1914.01,2459232.244495,4.193342,0.075921,1
TESS,98283926,1915.01,2459253.248463,2.292035,0.132552,1
TESS,98545929,1916.01,2459251.405758,1.888199,0.153360,1
TESS,339522221,1917.01,2458655.297680,1.820690,0.127042,1
TESS,308425348,1918.01,2458571.790800,3.398290,0.109750,0
TESS,102192004,1919.01,2459307.592524,4.233831,0.089028,1
TESS,183537452,192.01,2459089.961932,3.922715,0.108775,1
TESS,363851359,1920.01,2458599.238100,2.543170,0.087750,1
TESS,112099249,1921.01,2458604.170840,5.179580,0.188500,1
TESS,112604564,1922.01,2459233.316814,4.576865,0.148303,1
TESS,114299824,1923.01,2459250.356487,4.204159,0.088500,1
TESS,371443216,1924.01,2459336.095726,2.824066,0.165270,1
TESS,118956453,1925.01,2459279.602393,2.344775,0.075583,1
TESS,143143769,1926.01,2459175.372553,1.337235,0.070942,1
TESS,14344979,1927.01,2459576.578656,4.111766,0.069000,1
TESS,207077681,1928.01,2459061.944577,2.278575,0.089993,1
TESS,157266693,1929.01,2459329.357403,3.853762,0.141333,1
TESS,183985250,193.01,2458354.212468,0.792069,0.030562,1
TESS,160578764,1930.01,2459335.339020,2.878521,0.102461,1
TESS,162922904,1931.01,2459331.431765,3.818628,0.178417,1
TESS,386259537,1932.01,2459228.937203,5.610774,0.264103,1
TESS,172598832,1933.01,2459201.975798,3.263317,0.220060,1
TESS,125739286,1934.01,2459338.018861,4.511323,0.194685,1
TESS,176685457,1935.01,2459272.947539,4.435288,0.078750,1
TESS,178289267,1936.01,2459167.711102,2.350619,0.098708,1
TESS,325172035,1939.01,2459308.612847,2.897020,0.172926,0
TESS,211438925,194.01,2458356.565180,4.899642,0.139481,1
TESS,167009792,1941.01,2458326.510890,1.133050,0.044708,0
TESS,308919449,1942.01,2459198.744553,1.656359,0.076500,0
TESS,461080504,1944.01,2459285.448680,6.098847,0.225367,0
TESS,357536526,1945.01,2458545.660940,1.573630,0.106583,0
TESS,127315102,1946.01,2459338.849888,10.845871,0.140792,0
TESS,460140752,1947.01,2458577.862550,12.006540,0.127292,0
TESS,230982885,195.01,2458355.490424,2.072760,0.107911,1
TESS,327663613,1950.01,2458599.569840,1.411440,0.104542,0
TESS,394509844,1952.01,2458599.313980,6.891320,0.223708,0
TESS,242536549,1953.01,2459359.132432,0.692356,0.033458,0
TESS,166184426,1955.01,2458600.450920,16.315200,0.083000,0
TESS,334911765,1956.01,2458600.596940,0.889580,0.076833,0
TESS,400323948,1959.01,2459336.010178,3.224281,0.179584,0
TESS,141663464,1962.01,2458601.343680,1.764470,0.114542,0
TESS,295354126,1965.01,2459357.403106,2.277818,0.133833,0
TESS,293708935,1969.01,2458597.350807,2.685592,0.085380,0
TESS,441462736,197.01,2458357.014054,14.278122,0.362386,1
TESS,253132689,1971.01,2458601.487290,3.218330,0.072375,0
TESS,383531859,1977.01,2459352.185799,17.061476,0.141000,0
TESS,458856474,1978.01,2459286.204593,6.078334,0.203769,0
TESS,458857720,1979.01,2458571.796970,1.309240,0.105625,0
TESS,127793615,1980.01,2458604.911560,9.278980,0.271417,0
TESS,89535068,1983.01,2459288.092180,6.111095,0.177360,0
TESS,161156159,1988.01,2459309.009743,2.281206,0.197823,0
TESS,324395151,1989.01,2459309.575644,3.455148,0.239353,0
TESS,457939414,1990.01,2459281.710853,3.789952,0.230285,0
TESS,82707763,1991.01,2458573.886400,6.656420,0.223000,0
TESS,147340931,1992.01,2458546.845540,4.312240,0.112667,0
TESS,453464017,1993.01,2459352.660686,3.941690,0.105708,0
TESS,275384718,1996.01,2458576.433500,7.724330,0.334583,0
TESS,429295277,1998.01,2458572.207860,1.108330,0.095333,0
TESS,410214986,200.01,2459040.333471,8.138224,0.137190,1
TESS,356453768,2002.01,2458546.002760,2.333170,0.132500,0
TESS,439610306,2004.01,2458545.265650,1.799880,0.146583,0
TESS,41173048,2006.01,2459194.004177,6.409380,0.098167,0
TESS,350618622,201.01,2459329.659963,52.978218,0.185500,1
TESS,136916387,2011.01,2458631.751100,nan,0.126384,1
TESS,136916387,2011.02,2458650.894484,27.592235,0.130807,1
TESS,138294130,2012.01,2458955.917117,3.056526,0.176823,1
TESS,198588220,2014.01,2458958.080158,4.810142,0.293940,1
TESS,357416482,2017.01,2458955.908650,5.498303,0.094538,0
TESS,39903405,2020.01,2458956.238016,5.633425,0.177043,1
TESS,236312126,2021.01,2458956.522959,3.941418,0.123265,1
TESS,11996814,2022.01,2458790.849435,0.448735,0.119825,0
TESS,255930614,2024.01,2458957.553610,2.875930,0.133132,1
TESS,335996558,2027.01,2458739.507750,1.463290,0.101292,0
TESS,336456596,2028.01,2458739.629940,0.778710,0.060750,0
TESS,445254275,2029.01,2458767.197210,2.571340,0.159333,0
TESS,259962054,203.01,2458327.729066,51.953234,0.263147,0
TESS,427279997,2034.01,2458768.727530,2.894530,0.138625,0
TESS,54364414,2041.01,2458792.094510,1.374770,0.066708,0
TESS,269424395,2042.01,2458768.149450,2.418720,0.111875,0
TESS,270333769,2044.01,2458770.066720,4.120660,0.071708,0
TESS,363761216,2047.01,2458962.977640,7.407090,0.105792,0
TESS,1100766816,2052.01,2458957.042050,1.622630,0.064792,0
TESS,315755496,2053.01,2459394.643317,4.278080,0.081568,0
TESS,326732851,2058.01,2458766.422570,1.515670,0.095042,0
TESS,403308915,2059.01,2458767.490840,3.754360,0.085958,0
TESS,327577308,2061.01,2458766.425450,1.456550,0.062917,0
TESS,373785851,2062.01,2458795.999600,4.041630,0.071625,0
TESS,115524421,2064.01,2458961.123750,8.805120,0.126375,1
TESS,141663460,2066.01,2458601.343680,1.764420,0.114542,0
TESS,260271203,207.01,2458414.835781,5.649621,0.173057,0
TESS,27491137,2076.01,2458743.719922,10.355752,0.142177,1
TESS,441738827,2084.02,2458745.410754,8.149029,0.096711,0
TESS,279982557,2097.01,2458712.393015,1.789022,0.079961,0
TESS,393911494,2106.01,2458899.861702,0.633259,0.035925,0
TESS,392476080,2109.01,2458984.388880,0.672490,0.075042,1
TESS,356235833,2111.01,2458984.370747,1.269342,0.042435,0
TESS,54464870,2115.01,2458792.690360,3.694430,0.194375,0
TESS,422838133,2116.01,2458796.527470,5.308960,0.239583,0
TESS,279212407,2117.01,2458799.445960,28.662140,0.184792,0
TESS,17416749,2118.01,2458956.568940,2.344830,0.059042,0
TESS,236387002,2119.01,2458958.678134,7.200858,0.085170,1
TESS,311408969,2122.01,2458985.946561,3.585186,0.123606,1
TESS,159742538,2124.01,2459412.533741,3.553930,0.138583,1
TESS,116242971,2125.01,2459418.338204,5.031629,0.233013,1
TESS,116264089,2126.01,2459391.063502,1.306192,0.057974,1
TESS,21744120,2127.01,2458983.744992,5.508068,0.110000,1
TESS,101721385,2129.01,2458984.653367,4.627708,0.095179,1
TESS,320798691,2130.01,2459010.827031,5.005261,0.204647,1
TESS,27848472,2131.01,2459418.412301,1.846836,0.106417,1
TESS,358516596,2132.01,2459391.154184,3.244078,0.133813,1
TESS,76419763,2135.01,2459414.394742,2.788470,0.114958,1
TESS,308172249,2139.01,2459010.507535,1.401384,0.070402,1
TESS,399860444,2140.01,2459012.510454,2.470614,0.073143,1
TESS,158916431,2146.01,2459016.694070,5.892320,0.131333,0
TESS,233569098,2148.01,2458693.423280,23.485220,0.147750,0
TESS,230267547,2150.01,2459011.304610,2.225620,0.116083,0
TESS,23389848,2151.01,2459014.368540,15.646430,0.322917,0
TESS,258402425,2156.01,2459011.050350,0.675540,0.038417,0
TESS,55652896,216.01,2458331.263986,34.554786,0.240486,1
TESS,55652896,216.02,2459340.904719,17.389045,0.110486,1
TESS,366563452,2161.01,2458767.120560,1.587260,0.061708,0
TESS,49967354,2164.01,2459010.861120,1.093330,0.082292,0
TESS,364075352,2168.01,2458772.933510,37.836330,0.238042,0
TESS,260043723,217.01,2458327.066685,3.138790,0.204309,0
TESS,75656058,2171.01,2459011.833170,1.781660,0.115208,0
TESS,293567206,2173.01,2458984.229620,0.685700,0.035000,0
TESS,405717754,2175.01,2459441.973964,4.437968,0.179458,1
TESS,123495874,2176.01,2459445.242880,7.891444,0.171500,1
TESS,123233041,2177.01,2459445.304166,3.522476,0.120583,1
TESS,164892194,2178.01,2459392.686072,3.024156,0.117590,1
TESS,237913194,2179.01,2459062.422964,15.168972,0.085972,1
TESS,268823307,2182.01,2459444.706868,3.548470,0.180792,1
TESS,389352124,2197.01,2459038.758216,4.954797,0.160236,1
TESS,100566492,2198.01,2459040.905327,4.954963,0.248188,1
TESS,369455629,2199.01,2459038.510574,3.377111,0.102117,1
TESS,150098860,220.01,2459384.039995,10.695286,0.078125,1
TESS,358107516,2202.01,2459363.569688,11.913315,0.167070,1
TESS,467971286,2204.01,2459037.141234,2.225051,0.098662,1
TESS,381856447,2206.01,2459037.773540,1.769012,0.042387,1
TESS,316937670,221.01,2458325.342966,0.624250,0.032262,0
TESS,144440290,222.01,2458376.544000,nan,0.028333,0
TESS,441420236,2221.01,2459041.281746,nan,0.148908,1
TESS,61733521,2228.01,2458655.877710,3.362960,0.108083,0
TESS,326453034,223.01,2458355.957510,14.445918,0.063888,0
TESS,129432342,2230.01,2459037.298260,1.792170,0.074875,0
TESS,100504381,2231.01,2459039.627850,5.463640,0.042750,0
TESS,389238529,2237.01,2459036.500300,0.496420,0.023833,0
TESS,388130235,2239.01,2459323.834676,92.195145,0.167125,0
TESS,98494121,2240.01,2458659.346880,3.065550,0.103458,0
TESS,349786918,2246.01,2459197.033685,2.966302,0.183375,0
TESS,376168473,2247.01,2459040.094300,5.414020,0.184083,0
TESS,152714791,2249.01,2459036.882690,1.273490,0.068958,0
TESS,264303333,2250.01,2458683.444885,0.815298,0.067074,0
TESS,47484268,226.01,2458358.500535,nan,0.111250,0
TESS,441798995,2269.01,2458683.350647,1.420604,0.068680,0
TESS,77044471,228.01,2459089.518331,2.686504,0.106353,1
TESS,329148988,2285.01,2458747.183178,27.269522,0.102638,1
TESS,120610833,229.01,2458354.773243,3.126078,0.071606,1
TESS,160074939,230.01,2458366.329788,13.340145,0.192133,0
TESS,197959526,2303.01,2459061.885478,0.719629,0.061448,0
TESS,204376737,231.01,2458357.394514,3.361001,0.107353,1
TESS,274599700,2317.01,2459002.081234,nan,0.352061,0
TESS,349488688,2319.01,2459002.770160,nan,0.263592,1
TESS,402026209,232.01,2459109.947010,1.338231,0.089725,1
TESS,207501148,2320.01,2459007.727293,nan,0.186981,0
TESS,293527670,2323.01,2459086.609820,0.986560,0.030167,0
TESS,180991313,2330.01,2459329.308010,2.208821,0.106000,1
TESS,29959761,2340.01,2459169.749893,1.647157,0.043042,0
TESS,100589632,2342.01,2459221.101551,3.947157,0.070792,0
TESS,219766989,2354.01,2459332.152874,0.510990,0.029542,0
TESS,9727392,236.01,2458355.325711,4.534451,0.205683,0
TESS,31656385,2360.01,2459073.995620,22.845180,0.300625,0
TESS,305048087,237.01,2458355.249810,5.433729,0.048858,1
TESS,176220787,2380.01,2459468.029821,5.215623,0.230476,1
TESS,32487566,2386.01,2459090.383107,2.756740,0.099202,1
TESS,9725627,239.01,2459450.197241,4.156782,0.165449,1
TESS,260849386,2400.01,2458568.221760,1.033900,0.058500,0
TESS,293435336,2403.01,2459448.895243,1.809896,0.156718,1
TESS,212957629,2406.01,2459475.946047,3.076859,0.058373,1
TESS,321068176,2409.01,2459121.065867,12.969693,0.046371,0
TESS,77031414,241.01,2458355.195919,1.386652,0.095861,1
TESS,684936227,2412.01,2459134.753910,15.298590,0.133917,0
TESS,206498307,2413.01,2459066.937927,13.419039,0.246758,0
TESS,237320326,2414.01,2459062.739359,1.777111,0.065290,1
TESS,49617263,2417.01,2459139.296600,4.832660,0.096167,0
TESS,65347776,2418.01,2459133.371210,25.866960,0.205125,0
TESS,120585579,242.01,2458357.778211,6.340315,0.177054,0
TESS,313891529,2424.01,2459092.273962,12.375054,0.275692,0
TESS,686072378,2438.01,2459175.406024,1.942600,0.042528,0
TESS,168871868,2442.01,2459183.305376,17.121720,0.271125,0
TESS,439867639,2445.01,2458411.217326,0.371133,0.020492,1
TESS,231721005,2448.01,2459327.823770,9.018242,0.127542,0
TESS,4294779,2451.01,2459174.475148,0.343889,0.040400,0
TESS,219208037,2452.01,2459229.062884,0.977680,0.031906,0
TESS,158623531,246.01,2458355.732290,7.872894,0.156665,1
TESS,411839167,2461.01,2459515.241843,6.180268,0.161167,1
TESS,32949762,2464.01,2459222.681031,3.768498,0.113625,1
TESS,293612446,2466.01,2459493.944500,2.626698,0.170292,1
TESS,31114545,2468.01,2459196.873420,24.423270,0.157833,0
TESS,160148385,247.01,2458354.319792,3.425257,0.102132,1
TESS,373453507,2475.01,2459197.399280,15.792563,0.117625,0
TESS,1449756,2480.01,2459199.593066,11.354309,0.142250,0
TESS,219151731,2483.01,2459249.974487,1.485335,0.051417,0
TESS,184240683,250.01,2458355.508072,1.628430,0.098629,1
TESS,52689469,2502.01,2459202.042637,3.141383,0.184838,1
TESS,124778445,2503.01,2459203.395868,1.675157,0.094659,1
TESS,224225541,251.01,2458357.305957,4.937701,0.093111,1
TESS,170103435,2510.01,2459248.545136,1.978513,0.054625,0
TESS,124702477,2511.01,2459226.722059,0.795153,0.038000,0
TESS,48178229,2517.01,2459225.683785,2.678825,0.103750,0
TESS,49687222,254.01,2458360.073308,20.186539,0.077774,0
TESS,270604417,2543.01,2459248.432659,7.542809,0.254125,1
TESS,444013020,2547.01,2459577.818635,2.311420,0.107708,1
TESS,350293646,2548.01,2459235.236768,8.523242,0.115945,1
TESS,204317710,255.01,2459090.083321,2.812648,0.119740,1
TESS,144043410,2554.01,2459230.661673,6.263650,0.223500,0
TESS,92226327,256.01,2458399.928643,24.737341,0.086210,1
TESS,92226327,256.02,2459141.100488,3.777942,0.061497,1
TESS,200723869,257.01,2459121.270086,18.387708,0.266881,1
TESS,239638934,2571.01,2458760.818232,6.002738,0.173500,0
TESS,103751498,2579.01,2459581.544060,3.714647,0.159750,1
TESS,350445771,258.01,2459385.936089,3.190160,0.054792,0
TESS,62530991,2585.01,2459246.031545,4.026586,0.096000,0
TESS,12862099,259.01,2458386.578118,2.423823,0.093683,1
TESS,189625051,2604.01,2459257.220890,4.909690,0.225564,1
TESS,63898957,261.02,2458389.727185,13.039359,0.205076,1
TESS,234282389,2611.01,2458352.484922,0.732017,0.107375,0
TESS,70513361,262.01,2459136.576258,11.145278,0.058115,1
TESS,403288821,2623.01,2459085.611785,0.547474,0.074542,0
TESS,120916706,263.01,2459116.147851,0.556809,0.040467,1
TESS,231703293,2632.01,2459085.547175,0.907105,0.071292,0
TESS,122612091,264.01,2459168.126450,2.216740,0.150167,1
TESS,448589187,2642.01,2459304.823271,3.065293,0.108583,1
TESS,152852327,2643.01,2459562.250418,9.172054,0.298708,1
TESS,159951311,265.01,2459169.574874,5.924266,0.120394,1
TESS,29830212,2651.01,2459349.974976,7.316428,0.093125,0
TESS,277871306,2664.01,2459275.974283,3.960600,0.037417,0
TESS,166836920,267.01,2459135.796019,5.752582,0.225056,1
TESS,219366908,2680.01,2459199.016708,0.629320,0.047042,0
TESS,220479565,269.01,2458381.844983,3.697724,0.038284,1
TESS,259377017,270.01,2459198.961454,5.660569,0.069299,1
TESS,259377017,270.02,2458389.679336,11.379565,0.093126,1
TESS,259377017,270.03,2458383.733214,3.360138,0.058885,1
TESS,455036659,2707.01,2459194.067914,4.007232,0.199167,1
TESS,452810327,2708.01,2459197.357111,2.354017,0.098333,0
TESS,269077474,2717.01,2459197.192883,1.316490,0.057875,0
TESS,268766053,272.01,2459140.875701,3.309846,0.094486,1
TESS,279740441,273.01,2458386.095087,0.741859,0.062612,0
TESS,281979481,274.01,2459362.157241,0.541795,0.048818,0
TESS,280212554,2743.01,2459212.045265,1.147253,0.074542,0
TESS,148233571,2754.01,2459226.376060,0.942259,0.060833,0
TESS,382188882,276.01,2458387.759868,4.800523,0.085772,0
TESS,36574157,2775.01,2459210.630135,3.780475,0.150625,0
TESS,5024743,2805.01,2459293.006940,12.450856,0.238792,0
TESS,78775584,2811.01,2459302.160259,5.555378,0.094000,0
TESS,105801221,2812.01,2459302.065555,3.075073,0.092458,0
TESS,29781292,282.02,2459044.825930,31.323120,0.064208,0
TESS,98286422,2835.01,2459252.308895,2.964610,0.093000,0
TESS,277103955,284.01,2458326.417294,1.309136,0.129677,0
TESS,177612321,2845.01,2459223.653303,3.145502,0.100458,0
TESS,412257781,2863.01,2459253.364143,1.189481,0.126958,0
TESS,201233610,290.01,2459097.434630,21.052710,0.204583,0
TESS,49710555,291.01,2459109.092000,12.088370,0.129417,0
TESS,188570092,294.01,2459450.646128,7.328290,0.122458,1
TESS,374847873,2947.01,2459332.080551,2.039174,0.035375,0
TESS,327952677,295.01,2458356.404320,3.397109,0.099043,1
TESS,462162963,2959.01,2458593.752907,1.355045,0.081042,0
TESS,103245940,2967.01,2459301.699712,3.251786,0.182208,0
TESS,166697854,300.01,2458354.429650,2.757530,0.057333,0
TESS,400395395,3004.01,2459303.809966,3.289122,0.122833,0
TESS,383666033,3008.01,2459328.097691,3.967814,0.176583,0
TESS,45684223,3018.01,2459323.340464,6.583202,0.130625,0
TESS,145750719,303.01,2458357.559520,3.560800,0.144125,1
TESS,390157607,3036.01,2458623.662171,0.385914,0.049542,0
TESS,262530873,304.01,2458356.286060,2.241720,0.166208,0
TESS,303867090,3049.01,2459359.446834,1.316834,0.030542,0
TESS,114749636,306.01,2459089.502264,4.602730,0.167625,1
TESS,376740324,3085.01,2459327.095663,4.530017,0.222125,0
TESS,120723776,3109.01,2459327.889241,2.883129,0.147083,0
TESS,9102327,313.01,2458354.543320,3.261500,0.093042,0
TESS,360816293,3146.01,2458650.905593,3.550608,0.112750,0
TESS,66356824,315.01,2459089.839721,1.777199,0.065468,0
TESS,419946164,3164.01,2458623.343394,1.776539,0.052417,0
TESS,372596796,3181.01,2458617.031866,3.536674,0.112375,0
TESS,188593930,320.01,2458354.276070,1.465030,0.047708,0
TESS,175476629,321.01,2458354.271560,1.140570,0.091167,0
TESS,309436531,3217.01,2459383.966929,3.213633,0.078125,0
TESS,242460075,3236.01,2459356.489051,2.909844,0.080333,0
TESS,112037203,3253.01,2458619.606193,4.362236,0.110208,0
TESS,76505260,3257.01,2459356.441741,2.533642,0.119375,0
TESS,31697707,3290.01,2459059.767349,3.910946,0.136667,0
TESS,369861728,3307.01,2458681.293828,3.878436,0.111542,0
TESS,327210623,3313.01,2459384.957213,2.128423,0.119667,0
TESS,310267134,3319.01,2458681.713350,0.543881,0.032500,0
TESS,305512837,3323.01,2458679.116114,3.022272,0.136417,0
TESS,194179013,3332.01,2459384.151235,3.178528,0.248917,0
TESS,131581531,3347.01,2459251.478562,3.059164,0.177083,0
TESS,41865539,335.01,2458354.866270,1.260920,0.113250,0
TESS,412259468,3357.01,2459229.684104,2.653578,0.087562,0
TESS,146244533,3358.01,2459296.556389,8.808844,0.183792,0
TESS,55452495,336.01,2458337.330110,17.707580,0.081333,0
TESS,464300749,3362.01,2459307.431885,18.095475,0.109208,1
TESS,190981760,3369.01,2459278.824926,3.546358,0.173667,0
TESS,155986102,337.01,2458360.617310,6.871680,0.131667,0
TESS,131036011,3372.01,2459273.404704,11.070124,0.170708,0
TESS,185482513,3375.01,2459279.831510,1.236832,0.089333,0
TESS,184670625,3377.01,2459278.383405,0.524128,0.042375,0
TESS,116156517,338.01,2458357.373580,5.366971,0.189885,1
TESS,175079720,3385.01,2459274.969230,2.262326,0.127000,0
TESS,173860688,3388.01,2458541.414379,0.845657,0.076000,0
TESS,69838258,339.01,2458354.573360,6.730690,0.145958,0
TESS,80174172,3392.01,2459278.729272,1.110430,0.066833,0
TESS,153197346,3399.01,2458540.491991,2.642447,0.182208,0
TESS,152685831,3402.01,2459250.856372,3.471417,0.125250,0
TESS,415969574,342.01,2458362.571990,10.457760,0.131167,0
TESS,293978434,3420.01,2458540.862165,1.597143,0.138167,0
TESS,286099128,3422.01,2459276.585301,3.778887,0.124375,1
TESS,144970275,3423.01,2459248.478713,2.531342,0.093583,0
TESS,283702603,3424.01,2459279.471354,0.669188,0.056125,0
TESS,132320310,3436.01,2459277.091098,1.395532,0.109167,0
TESS,208030798,3440.01,2458650.326066,1.716759,0.085167,0
TESS,284254253,3466.01,2458651.973815,1.862908,0.190083,0
TESS,453289469,3467.01,2458652.436812,0.779919,0.064292,0
TESS,282091493,3468.01,2458647.685514,3.378995,0.138833,0
TESS,275562670,3472.01,2458651.449273,1.581056,0.101542,0
TESS,254629854,3482.01,2459359.547220,0.971430,0.052125,0
TESS,21113347,3497.01,2459310.816523,4.218069,0.144041,1
TESS,86451883,3507.01,2458708.663596,1.756102,0.119083,0
TESS,278968371,3508.01,2458707.691822,1.299781,0.097917,0
TESS,228381868,351.01,2458356.673820,6.930304,0.171498,1
TESS,40779013,3512.01,2458708.891857,1.711312,0.065083,0
TESS,106224626,3524.01,2458731.298955,3.341889,0.086833,0
TESS,373576942,3525.01,2458731.568477,0.891222,0.076917,0
TESS,89876424,3526.01,2458733.088312,1.538070,0.092750,0
TESS,27916356,3534.01,2459421.604937,3.235214,0.148931,1
TESS,27844066,3536.01,2458732.821053,1.853298,0.049875,0
TESS,271167979,3548.01,2458733.079623,0.309395,0.018417,0
TESS,271042173,3557.01,2458733.141437,0.476873,0.047292,0
TESS,193708920,3562.01,2458732.453924,1.329847,0.125292,0
TESS,169461816,3563.01,2458729.195879,17.873940,0.305333,1
TESS,1965256662,3565.01,2458727.428216,4.317060,0.119958,0
TESS,1976308113,3572.01,2458761.602970,2.756865,0.096333,0
TESS,316606244,3579.01,2458762.172026,3.310636,0.162500,0
TESS,305478010,3580.01,2458762.231266,3.121339,0.180458,0
TESS,295413003,3581.01,2458757.570840,3.037302,0.194333,0
TESS,440113053,3595.01,2458787.791395,1.805203,0.084083,1
TESS,267650535,3597.01,2458783.625547,4.009391,0.109625,1
TESS,13023738,360.01,2459104.872320,8.063500,0.141500,0
TESS,267867517,3608.01,2458787.358500,2.681633,0.112292,0
TESS,233948455,3612.01,2459445.318445,1.482245,0.066458,1
TESS,233831759,3614.01,2458785.269757,2.970860,0.130083,0
TESS,398912927,3626.01,2458766.790402,19.887534,0.055833,0
TESS,1979500576,3627.01,2458784.456622,2.634273,0.166583,0
TESS,189380158,3630.01,2458785.619295,1.961809,0.114542,1
TESS,429414530,3631.01,2458784.455915,2.634096,0.144875,0
TESS,61205803,3636.01,2458783.984639,4.216691,0.138042,1
TESS,346626688,3666.01,2458810.625573,4.408429,0.136875,1
TESS,9033144,367.01,2458354.289410,4.715020,0.136542,0
TESS,50943163,3672.01,2458810.750472,2.425407,0.138458,0
TESS,77031413,368.01,2458355.195300,1.386650,0.095375,0
TESS,285272237,3681.01,2458814.367864,4.639878,0.123583,1
TESS,28873762,3684.01,2459518.690795,3.105654,0.083292,0
TESS,259506033,3705.01,2458840.414691,1.902658,0.065833,1
TESS,116257066,3728.01,2459545.961039,6.501960,0.128250,0
TESS,9032368,373.01,2458355.679420,1.632000,0.061083,0
TESS,87597187,3740.01,2458838.028588,2.044936,0.113833,0
TESS,286696848,3742.01,2458835.622721,8.927901,0.136583,0
TESS,284747017,3746.01,2458839.923433,1.801270,0.132583,0
TESS,467783290,3753.01,2459521.512909,3.650253,0.104417,0
TESS,445751830,3757.01,2458838.772325,3.438962,0.070042,1
TESS,27244707,3759.01,2458838.180194,1.688286,0.109833,0
TESS,139285736,377.01,2458326.051070,1.550280,0.065458,0
TESS,20892672,378.01,2458356.500880,3.109260,0.104417,0
TESS,220396259,379.01,2458354.709680,0.916770,0.055708,0
TESS,29117085,3790.01,2458846.993395,13.247777,0.137542,0
TESS,393251073,3796.01,2458849.115258,14.985744,0.241667,0
TESS,207084429,381.01,2458356.070680,4.895770,0.103250,0
TESS,229091748,382.01,2458354.591520,0.456800,0.022833,0
TESS,71134735,3824.01,2458867.781094,2.336580,0.104208,0
TESS,8677530,3827.01,2458897.512084,2.914630,0.124042,0
TESS,167418898,383.01,2458335.771470,10.980360,0.076583,0
TESS,155995204,384.01,2458357.583810,9.307340,0.195125,0
TESS,841226527,3843.01,2458883.544637,19.511251,0.162333,0
TESS,149918151,3846.01,2459608.291697,1.540777,0.071625,1
TESS,300810086,385.01,2459174.431448,0.668072,0.035654,0
TESS,1001477809,3864.01,2458904.350933,7.660543,0.184375,0
TESS,92359850,387.01,2459167.712220,4.155000,0.116958,0
TESS,422655579,388.01,2459475.891563,2.903768,0.209009,1
TESS,99330090,3883.01,2458925.120503,7.007893,0.132333,0
TESS,55748194,3885.01,2458923.581192,2.522779,0.090708,0
TESS,271900960,389.01,2458330.370740,13.459130,0.142833,0
TESS,250386181,390.01,2458412.374564,1.470258,0.057390,0
TESS,382391899,391.01,2459169.669461,1.955093,0.074484,1
TESS,139118482,3914.01,2458946.965104,6.713651,0.147542,0
TESS,68035558,3917.01,2458953.314052,8.328977,0.124333,0
TESS,1101909431,3921.01,2458935.789582,23.255612,0.328250,0
TESS,456042145,3924.01,2458980.246552,2.047483,0.131625,0
TESS,435167167,3925.01,2458979.233689,3.033092,0.168458,0
TESS,29960109,393.01,2458411.669420,2.492210,0.066875,0
TESS,335489455,3948.01,2458978.435452,2.117660,0.149625,0
TESS,178155732,396.01,2459120.537697,5.973912,0.130148,1
TESS,178155732,396.02,2459169.271280,3.585290,0.103958,1
TESS,178155732,396.03,2459117.261055,11.230460,0.150042,1
TESS,219379012,397.01,2459168.724537,1.546495,0.045875,0
TESS,155947004,3975.01,2458973.711868,9.425891,0.100250,0
TESS,444523623,3979.01,2458979.930110,2.041659,0.146708,0
TESS,1129033,398.01,2459168.520849,1.360028,0.090220,1
TESS,20303110,3983.01,2458975.507347,3.896152,0.072583,0
TESS,604863428,3985.01,2458981.690526,3.235854,0.157375,0
TESS,452972453,3987.01,2458981.689588,3.235825,0.151208,0
TESS,219388773,399.01,2458412.386626,1.571151,0.055641,0
TESS,420446142,3990.01,2458980.604616,5.842364,0.100667,0
TESS,372505528,3994.01,2458977.165523,3.897414,0.085875,0
TESS,35857242,400.01,2459169.279248,3.634445,0.161292,1
TESS,395773226,4005.01,2459008.270987,3.847166,0.092250,0
TESS,390048041,4006.01,2459006.783724,3.049360,0.147417,0
TESS,259701242,401.01,2459139.772920,2.485480,0.109208,0
TESS,120896927,402.01,2459139.126535,4.755974,0.106124,1
TESS,120896927,402.02,2459118.955569,17.180721,0.087520,1
TESS,10974783,4020.01,2459005.312333,3.217531,0.136958,0
TESS,257567854,403.01,2458411.901592,3.532822,0.143463,1
TESS,387603144,4032.01,2459007.401949,2.456711,0.071500,0
TESS,367913453,4036.01,2459008.757118,2.776163,0.089125,0
TESS,166833457,404.01,2459168.639230,2.962640,0.079570,1
TESS,307956396,4044.01,2459001.284040,4.150880,0.094000,0
TESS,279605855,4048.01,2459007.051404,1.972401,0.101458,0
TESS,176984236,405.01,2459199.325641,1.756090,0.073458,0
TESS,236775063,4052.01,2459008.383184,0.740943,0.045167,0
TESS,224601047,4061.01,2459003.792406,7.208724,0.146083,0
TESS,159334269,4068.01,2459008.761746,1.157839,0.056792,0
TESS,176778112,408.01,2459169.520070,1.336790,0.062000,0
TESS,399444057,4083.01,2459008.356209,2.071480,0.129500,0
TESS,167754523,409.01,2459193.223710,6.799278,0.065833,0
TESS,206466531,410.01,2459139.772040,1.427440,0.082208,0
TESS,237235093,4102.01,2459034.031380,2.683411,0.047750,0
TESS,229976631,4112.01,2459026.448338,10.716356,0.127292,0
TESS,7624182,412.01,2459169.731701,1.109738,0.072375,0
TESS,141616639,4126.01,2459032.680649,3.242874,0.100708,0
TESS,170634116,413.01,2459174.669346,3.662392,0.156957,1
TESS,71396541,4130.01,2459031.311744,6.269716,0.154000,0
TESS,420803693,4134.01,2459033.325227,0.913597,0.051958,0
TESS,257060897,4138.01,2459609.370079,3.660041,0.188000,1
TESS,408729765,4139.01,2459026.649110,4.620078,0.089542,0
TESS,325680697,414.01,2459168.843010,1.824880,0.073208,0
TESS,371711170,4143.01,2459015.247898,9.848219,0.176667,0
TESS,152476657,415.01,2459166.483051,3.611262,0.147406,1
TESS,49899799,416.01,2459163.414770,7.011400,0.200000,0
TESS,339733013,417.01,2458328.378430,5.621620,0.111458,0
TESS,289988797,4178.01,2459576.857352,2.204221,0.042125,0
TESS,178284730,418.01,2459146.100495,2.235987,0.063560,1
TESS,426017070,4181.01,2458354.576309,0.599246,0.092335,0
TESS,424747720,4188.01,2458655.604161,10.281328,0.101729,0
TESS,279251651,419.01,2458654.122394,0.403843,0.044134,0
TESS,408159788,420.01,2459199.050071,2.300698,0.143792,0
TESS,37242226,4207.01,2458488.379945,1.068139,0.086750,0
TESS,94986319,421.01,2459195.308114,16.067522,0.109093,1
TESS,94986319,421.02,2458441.280669,5.197686,0.078378,1
TESS,32408928,4213.01,2459252.322453,1.043523,0.061500,0
TESS,187861378,4216.01,2459251.531855,2.181681,0.159583,0
TESS,114103136,4219.01,2458515.145173,1.147155,0.058458,0
TESS,318054782,4222.01,2459226.922752,0.833571,0.062875,0
TESS,141405814,4225.01,2459250.333738,1.135549,0.109583,0
TESS,319282294,4229.01,2458514.968282,1.138567,0.079042,0
TESS,43647325,423.01,2459176.768453,3.161570,0.130941,1
TESS,126357909,4232.01,2458513.957617,1.224798,0.068542,0
TESS,117979694,424.01,2458438.721010,0.991140,0.067625,0
TESS,169532369,425.01,2458440.311430,3.603640,0.155333,0
TESS,77102895,4256.01,2459303.475037,1.096237,0.097333,0
TESS,74484886,4258.01,2459298.033322,3.850566,0.104125,0
TESS,341272282,4268.01,2459304.022578,0.813312,0.044958,0
TESS,459942762,430.01,2458438.837610,0.586440,0.060042,0
TESS,266843799,4300.01,2459331.490509,0.806277,0.081792,0
TESS,366443426,4304.01,2459550.369653,15.571992,0.213250,1
TESS,366443426,4304.03,2458494.909195,31.718021,0.097193,1
TESS,31374837,431.01,2458440.630295,12.461009,0.138316,1
TESS,31374837,431.02,2458438.375965,0.490059,0.042181,1
TESS,459952217,4314.01,2458448.205642,73.580982,0.089340,0
TESS,7020254,4316.01,2459549.374541,20.273030,0.160917,1
TESS,38686737,432.01,2458439.979610,2.247040,0.113042,0
TESS,143022742,4323.01,2458416.548124,14.676266,0.134669,0
TESS,143022742,4323.02,2458412.896474,21.969258,0.148593,0
TESS,188989177,433.01,2458438.299160,1.174090,0.070875,0
TESS,443658196,4335.01,2459338.248007,4.498955,0.257219,0
TESS,78055054,434.01,2459198.519993,4.388852,0.125767,1
TESS,62301521,4341.01,2458661.048552,18.404333,0.328305,0
TESS,389371332,4346.01,2458494.060524,3.907712,0.396993,0
TESS,300011941,4357.01,2458327.104401,1.814121,0.191692,0
TESS,133505138,4359.01,2459330.394075,2.436085,0.103958,0
TESS,44745077,436.01,2458411.702710,1.875600,0.041208,0
TESS,32499655,437.01,2459197.575826,2.743903,0.062632,1
TESS,343708863,4375.01,2459379.131320,5.968574,0.085792,0
TESS,13021029,439.01,2459175.599762,3.855890,0.164814,1
TESS,379723086,4396.01,2459376.681406,7.439891,0.120417,0
TESS,107728509,4397.01,2459385.728999,2.664618,0.172292,0
TESS,143350972,440.01,2458439.135190,1.081700,0.066167,0
TESS,316916655,441.01,2458440.194480,2.874360,0.079208,0
TESS,1405997635,4414.01,2459385.394880,1.869782,0.113375,0
TESS,70899085,442.01,2459196.115341,4.052037,0.065021,1
TESS,344600402,4423.01,2459385.015588,1.387533,0.098833,0
TESS,271354351,4426.01,2459422.126663,3.904619,0.121404,1
TESS,271042217,4428.01,2459391.972288,1.855919,0.093650,1
TESS,117979897,443.01,2459174.840517,3.310669,0.154308,1
TESS,121660904,4431.01,2459422.843797,4.885360,0.216921,1
TESS,63452790,4434.01,2459392.813779,2.684259,0.115512,1
TESS,122596693,4435.01,2459420.667731,3.525889,0.101579,1
TESS,164786087,4440.01,2459391.080982,4.082930,0.143455,1
TESS,158388163,4445.01,2459394.538038,4.225444,0.111083,1
TESS,137899948,4446.01,2459420.803667,2.455150,0.075171,1
TESS,138359318,4448.01,2459420.510139,1.018688,0.061737,1
TESS,48217457,4454.01,2459422.767820,3.120348,0.099910,1
TESS,138644215,4455.01,2459420.580429,1.544992,0.055445,1
TESS,27774415,4456.01,2459422.773399,4.942680,0.143390,1
TESS,299220166,4457.01,2459390.717370,3.217706,0.074476,1
TESS,268604331,4466.01,2459423.837136,5.013122,0.196272,1
TESS,48506505,4467.01,2459420.812052,7.794875,0.034735,1
TESS,75262942,4469.01,2459421.461793,2.663903,0.073279,1
TESS,256364928,4470.01,2459444.279978,2.218571,0.062792,1
TESS,27318774,4471.01,2459422.910368,3.242477,0.128836,1
TESS,63211674,4472.01,2459422.501343,8.603816,0.340701,1
TESS,122441491,4473.01,2459420.412953,3.797316,0.097200,1
TESS,264508014,4474.01,2459422.512044,3.310610,0.050662,1
TESS,159098316,4475.01,2459422.607769,3.578972,0.136597,1
TESS,399794420,4476.01,2459421.077646,1.594634,0.107751,1
TESS,1528696,448.01,2458438.402842,0.882062,0.023999,1
TESS,377873569,4480.01,2459421.139510,3.849829,0.098356,1
TESS,27990610,4482.01,2459420.242855,2.816989,0.107925,1
TESS,209752908,4483.01,2459420.280786,1.752473,0.085968,1
TESS,137903329,4485.01,2459423.155978,7.334900,0.124259,1
TESS,99224131,4486.01,2459443.774049,2.691583,0.171458,1
TESS,269269546,4488.01,2459424.384294,4.453472,0.104749,1
TESS,267572272,4489.01,2459421.488053,2.797417,0.097560,1
TESS,139528693,449.01,2459175.589610,2.175173,0.199662,1
TESS,268924036,4490.01,2459421.599763,2.052839,0.085335,1
TESS,305943739,4498.01,2459441.270166,5.307346,0.154750,0
TESS,239372503,4502.01,2459444.109839,1.710429,0.053125,0
TESS,257605131,451.01,2458416.634939,16.364873,0.168660,1
TESS,257605131,451.02,2458410.999327,1.858662,0.085524,1
TESS,257605131,451.03,2458411.806253,9.191079,0.127320,1
TESS,243014114,4512.01,2459489.959992,19.562436,0.274625,1
TESS,436875934,4514.01,2459519.896312,2.753599,0.089208,1
TESS,85593751,4516.01,2459450.010664,3.722656,0.108125,1
TESS,301289516,4517.01,2459448.316003,1.208912,0.049973,1
TESS,398572544,4518.01,2459449.184766,3.408616,0.138276,1
TESS,139733308,452.01,2459174.695544,4.763395,0.125326,1
TESS,404243877,4520.01,2459448.614456,3.204709,0.127936,1
TESS,439842788,4521.01,2459450.366950,3.071859,0.066731,1
TESS,369480087,4522.01,2459447.841312,0.364322,0.008836,0
TESS,427332229,4523.01,2459449.259719,2.718662,0.100700,1
TESS,36592530,4525.01,2459449.428977,2.483931,0.078834,1
TESS,39926974,4526.01,2459448.654225,2.260266,0.042098,1
TESS,376981340,4528.01,2459448.108233,4.024971,0.105923,0
TESS,452808876,453.01,2458438.965870,2.705820,0.207000,1
TESS,35022727,4530.01,2459523.702940,3.652821,0.111500,1
TESS,262662119,4531.01,2459463.724715,4.533462,0.150792,1
TESS,376939759,4532.01,2459493.040290,5.817599,0.118542,1
TESS,418761354,4533.01,2459494.881247,2.174767,0.072458,1
TESS,437704321,4534.01,2459470.846025,2.849282,0.079458,1
TESS,26017005,4535.01,2459502.400339,4.098377,0.099178,1
TESS,380907135,4536.01,2459474.392710,4.046066,0.204910,1
TESS,262715204,4538.01,2459457.792170,7.138561,0.102875,1
TESS,262715204,4538.02,2459468.742204,3.471564,0.088750,1
TESS,102264230,4539.01,2459470.147334,4.159149,0.147500,1
TESS,435339847,4544.01,2459498.028282,8.200079,0.099708,1
TESS,610976842,4545.01,2459464.205937,4.024887,0.098708,1
TESS,206284139,4547.01,2459468.229719,3.002622,0.149792,1
TESS,98796344,455.01,2459168.295274,5.358776,0.057074,1
TESS,77228304,456.01,2458410.950640,0.336826,0.036805,0
TESS,137402055,4570.01,2459391.460981,1.973683,0.087534,1
TESS,48451130,4571.01,2459413.718798,30.364106,0.248706,1
TESS,138364831,4577.01,2459391.102441,1.626058,0.106608,1
TESS,27769688,4579.01,2458733.305029,88.495683,0.311851,1
TESS,273231214,4581.01,2458719.361769,22.343033,0.272201,1
TESS,103604037,4583.01,2459390.798699,19.520239,0.170669,0
TESS,120255950,4584.01,2459399.637309,31.582082,0.087334,1
TESS,137683938,4587.01,2459393.660496,3.289746,0.060579,1
TESS,164458714,4589.01,2458687.968501,17.833474,0.193801,1
TESS,122785299,4592.01,2459392.154847,8.881981,0.100656,1
TESS,399954349,4593.01,2458689.581164,7.834465,0.119876,1
TESS,158555987,4594.01,2458687.920182,5.546122,0.115410,1
TESS,159725995,4595.01,2459394.249070,3.774526,0.186538,1
TESS,9804616,460.01,2458411.065871,0.516835,0.039017,0
TESS,27039476,4604.01,2459496.921217,2.225453,0.070875,1
TESS,68577662,4606.01,2459522.948827,11.168404,0.223083,1
TESS,97735908,4612.01,2459549.474338,4.113769,0.205875,1
TESS,284326455,4618.01,2459544.379501,3.799845,0.059500,1
TESS,293457754,4621.01,2459478.638460,4.519512,0.131074,1
TESS,56399553,4623.01,2459502.039849,3.258704,0.092710,1
TESS,84339983,4624.01,2459548.173846,2.790839,0.070625,1
TESS,404421005,4628.01,2458575.158194,6.326680,0.084628,1
TESS,176831592,463.01,2459169.218140,2.534050,0.081000,0
TESS,337129672,4635.01,2459448.748501,49.107705,0.122510,0
TESS,405484221,4636.01,2459454.509040,42.828915,0.096869,0
TESS,398733009,464.01,2459116.382318,0.818567,0.040874,0
TESS,257774438,4648.01,2459461.175924,15.394886,0.153425,1
TESS,270380593,465.01,2459449.900242,3.836142,0.099731,1
TESS,4616072,466.01,2459201.891355,4.187615,0.125293,1
TESS,71401634,4669.01,2459169.548716,0.247668,0.016708,0
TESS,20178111,467.01,2459198.702400,1.734422,0.096667,0
TESS,33521996,468.01,2459220.820401,3.325270,0.085576,1
TESS,449197624,4682.01,2459187.795987,6.793481,0.076000,0
TESS,264460005,4683.01,2459194.816461,3.092921,0.093667,0
TESS,33692729,469.01,2458474.569581,13.630802,0.180944,1
TESS,47911178,471.01,2459223.302264,3.585708,0.112800,1
TESS,268372005,4715.01,2459214.764692,6.427416,0.053208,0
TESS,52640302,473.01,2459229.489430,1.573285,0.101189,1
TESS,59843967,474.01,2459226.055440,2.516726,0.107900,1
TESS,170102285,477.01,2459230.323550,2.944428,0.101258,1
TESS,172464366,478.01,2458470.046418,2.921685,0.132413,0
TESS,306362738,479.01,2459221.888774,2.781738,0.089618,1
TESS,126772538,4808.01,2459251.604328,1.470060,0.090833,0
TESS,339672028,481.01,2459317.470427,10.331156,0.237026,1
TESS,365639282,482.01,2458472.412790,10.871700,0.122665,0
TESS,332630868,4827.01,2458525.417575,736.560149,0.174292,0
TESS,268439377,4829.01,2459279.259801,0.985537,0.049167,0
TESS,393414358,483.01,2458469.697072,4.378081,0.224587,1
TESS,427348923,484.01,2459196.648037,4.728681,0.188875,0
TESS,80029842,4840.01,2459279.306422,2.399288,0.106042,0
TESS,418971787,4846.01,2459277.893321,1.063818,0.132958,0
TESS,427352241,485.01,2459198.437811,1.266715,0.071333,0
TESS,452866790,488.01,2459228.978094,1.197996,0.042227,1
TESS,455096220,489.01,2459250.846246,3.646661,0.163438,1
TESS,455135327,490.01,2459250.777773,2.810600,0.093015,1
TESS,358072664,4902.01,2459327.066970,4.193494,0.078042,0
TESS,468987719,491.01,2459573.337904,3.332681,0.130667,1
TESS,454069765,4916.01,2459326.617962,4.119704,0.189458,1
TESS,17746821,492.01,2459573.381409,3.122024,0.142083,1
TESS,292797572,4934.01,2459355.677383,2.801351,0.225208,0
TESS,319783554,4946.01,2459357.232388,1.819376,0.123750,0
TESS,22529346,495.01,2459251.853986,1.274925,0.114333,1
TESS,406443564,4964.01,2459359.320018,1.116715,0.075708,0
TESS,108645766,497.01,2458492.914449,2.974175,0.126318,0
TESS,134537478,501.01,2459252.535529,1.710053,0.074583,1
TESS,186812530,503.01,2459573.196069,3.677355,0.061875,1
TESS,219164808,504.01,2459358.890413,1.677306,0.098000,0
TESS,268644785,505.01,2459299.865444,3.329465,0.167180,1
TESS,274138511,506.01,2458492.500001,2.774207,0.099732,0
TESS,243244680,5065.01,2459575.851873,19.492147,0.148667,1
TESS,117275513,5067.01,2459573.632496,4.688629,0.110083,1
TESS,366631954,5068.01,2459576.006652,4.736968,0.109458,1
TESS,307733361,5071.01,2459577.921318,1.673903,0.056000,1
TESS,7059054,5072.01,2459570.493415,5.185755,0.085042,1
TESS,6893917,5074.01,2459576.319220,3.080185,0.134708,1
TESS,23113034,5075.01,2459522.980341,0.856742,0.052208,0
TESS,69672493,5079.01,2459523.002720,1.492363,0.064083,0
TESS,425206121,508.01,2459222.789720,4.611733,0.169375,1
TESS,17409453,5080.01,2459523.430954,9.726703,0.183208,1
TESS,203214138,5081.01,2459546.250355,5.169893,0.082167,1
TESS,5882269,5083.01,2459542.114313,4.794875,0.086125,1
TESS,178217113,5086.01,2459573.807852,2.995637,0.094625,1
TESS,18310799,5087.01,2459491.497848,17.307018,0.143417,1
TESS,330687113,5089.01,2459574.716448,5.113859,0.098375,1
TESS,453211454,509.01,2459563.388598,9.058859,0.138167,1
TESS,453211454,509.02,2459231.828048,21.401654,0.224364,1
TESS,184892124,5090.01,2459552.222387,1.982907,0.050079,1
TESS,63189173,5093.01,2459574.550390,2.298383,0.080417,1
TESS,19028197,5094.01,2459577.278774,3.336686,0.074167,1
TESS,434226736,5095.01,2459501.774068,3.484753,0.029883,1
TESS,26826078,5096.01,2459577.924167,2.875303,0.065958,1
TESS,203214081,5097.01,2459572.278024,5.745995,0.049375,1
TESS,14770122,5098.01,2459574.804053,3.543889,0.166292,1
TESS,366410512,5101.01,2459558.523759,10.136735,0.209542,1
TESS,440777904,511.01,2459572.084574,3.355250,0.147792,1
TESS,203289099,5111.01,2459548.775666,3.355720,0.067000,1
TESS,75427473,5119.01,2459548.986970,1.471134,0.123417,0
TESS,366568760,5121.01,2459546.498090,8.407169,0.210500,1
TESS,332022997,5123.01,2459550.358225,3.280960,0.079042,1
TESS,332022997,5123.02,2459572.871765,8.438836,0.088708,1
TESS,306902029,5124.01,2459549.901817,1.075457,0.076333,0
TESS,431999925,513.01,2458492.930070,1.445433,0.153514,0
TESS,312221462,5133.01,2459507.390544,30.440860,0.191083,0
TESS,175236511,5136.01,2459550.096564,7.809205,0.141375,1
TESS,38087018,5138.01,2459552.134438,1.729023,0.070364,1
TESS,366576758,514.01,2459532.414255,11.403652,0.144848,1
TESS,350020859,5141.01,2459556.003033,11.818606,0.230518,1
TESS,393495970,5142.01,2459576.373848,1.755405,0.068875,1
TESS,380619414,5144.01,2459553.605072,2.655671,0.108719,1
TESS,281885301,5145.01,2459554.042178,7.917868,0.131117,1
TESS,173103335,5146.01,2459528.168667,10.054178,0.088783,1
TESS,40954422,5150.01,2459443.506857,1.757833,0.134750,0
TESS,388811663,5155.01,2459495.564449,9.794012,0.112375,1
TESS,60286662,5162.01,2459572.874426,8.562441,0.125250,1
TESS,115010361,5163.01,2459550.851079,15.465866,0.131958,1
TESS,6892385,5164.01,2459578.481006,8.266976,0.138917,1
TESS,363548415,5168.01,2459575.551944,6.771341,0.118167,1
TESS,308307606,517.01,2458496.577842,15.002630,0.102150,0
TESS,330690135,5170.01,2459558.616394,14.760965,0.202673,1
TESS,98669309,5173.01,2459552.707286,4.003577,0.087326,1
TESS,149969625,5178.01,2459560.412570,14.066601,0.112827,1
TESS,28643432,5184.01,2459418.221331,2.275139,0.086958,0
TESS,218795833,519.01,2458491.871966,1.265245,0.054911,1
TESS,193628179,5198.01,2459415.348922,3.262347,0.121250,0
TESS,93125144,523.01,2458472.959693,9.911020,0.124237,0
TESS,105387356,5231.01,2459445.816359,1.516305,0.150792,0
TESS,365690646,524.01,2458471.143375,12.983175,0.063649,0
TESS,295807723,5246.01,2459445.219280,0.697222,0.045625,0
TESS,326347927,5260.01,2459445.564135,7.261733,0.260750,0
TESS,312899686,5266.01,2459443.031522,4.413864,0.099458,0
TESS,403693875,528.01,2458469.705671,3.524465,0.129332,0
TESS,438490744,529.01,2458468.495800,1.665878,0.206531,0
TESS,387690507,530.01,2459530.543507,6.387568,0.105791,1
TESS,302895996,531.01,2458468.847149,0.567995,0.058703,0
TESS,144700903,532.01,2458470.576303,2.326811,0.069546,1
TESS,281909674,534.01,2458470.816720,4.035044,0.118859,1
TESS,280210963,535.01,2459203.486894,2.828039,0.109233,1
TESS,234825296,536.01,2458473.382195,9.243230,0.100191,1
TESS,366602797,5361.01,2459523.395332,1.357434,0.096458,0
TESS,234112540,537.01,2459205.316448,4.037901,0.122213,1
TESS,9155187,5373.01,2459582.167296,4.187837,0.124608,1
TESS,20096620,5374.01,2459580.063121,2.916400,0.136950,1
TESS,237751146,538.01,2459203.397714,1.669769,0.083772,0
TESS,165297570,5384.01,2459610.390465,2.989509,0.139600,1
TESS,200322593,540.01,2459175.141647,1.239153,0.020366,1
TESS,53593457,543.01,2458468.332102,0.530893,0.079591,0
TESS,37168957,545.01,2459203.608483,1.900086,0.096076,1
TESS,36440357,546.01,2459211.466410,9.201650,0.184656,1
TESS,36352297,547.01,2459211.478874,1.508963,0.098875,1
TESS,42821097,548.01,2459205.242785,3.897120,0.201079,1
TESS,32830028,549.01,2458468.344415,0.516278,0.023567,0
TESS,311183180,550.01,2459168.324910,13.249810,0.137458,0
TESS,311183180,550.02,2458447.398548,10.043245,0.129158,0
TESS,192826603,551.01,2459203.149174,2.647305,0.050470,1
TESS,44737596,552.01,2458413.060435,2.788654,0.078751,1
TESS,374180079,5520.01,2459267.652761,14.698913,0.164749,1
TESS,374180079,5520.02,2459263.364625,19.484826,0.200892,1
TESS,443616612,5523.02,2459281.409498,3.471142,0.104219,1
TESS,277833995,5524.01,2458518.119364,2.298014,0.042784,1
TESS,458686847,5528.01,2459230.014038,1.291597,0.048120,1
TESS,366411016,5529.01,2459235.715070,8.864838,0.065108,1
TESS,161477033,553.01,2458443.221518,14.058151,0.146443,0
TESS,176868951,5534.01,2459280.987908,0.369312,0.042154,1
TESS,411697517,5535.01,2459174.346454,3.386417,0.118933,1
TESS,170849515,555.01,2458438.147508,1.941637,0.080506,1
TESS,59003115,556.01,2458439.075900,2.294185,0.114615,0
TESS,207110080,558.01,2459133.407241,14.572899,0.106765,1
TESS,209459275,559.01,2459166.185995,6.983907,0.211500,1
TESS,101011575,560.01,2458517.690108,6.398060,0.088841,1
TESS,101011575,560.02,2458533.620329,18.879744,0.151076,1
TESS,377064495,561.01,2459561.825742,10.778773,0.145292,1
TESS,377064495,561.02,2459279.794767,0.446569,0.056373,1
TESS,377064495,561.03,2458521.854471,16.357385,0.161294,1
TESS,413248763,562.01,2459272.675887,3.930597,0.053763,1
TESS,1003831,564.01,2459251.312150,1.651147,0.039242,1
TESS,1133072,566.01,2458517.531592,0.846542,0.100368,0
TESS,13349647,567.01,2459250.291252,1.537365,0.077483,1
TESS,123482865,569.01,2459270.500253,6.556208,0.096417,1
TESS,270468559,571.01,2459577.802736,4.641837,0.155042,1
TESS,315002523,574.01,2459278.171365,3.302391,0.211794,1
TESS,386435344,575.01,2459230.890563,19.372105,0.128580,0
TESS,408310006,576.01,2459270.174213,5.443534,0.149370,1
TESS,423275733,578.01,2459278.251179,2.052868,0.109171,1
TESS,287474726,582.01,2459230.051423,3.744201,0.145853,0
TESS,74482749,584.01,2459281.764753,1.260215,0.074288,0
TESS,412961700,589.01,2459230.345915,2.518575,0.091336,0
TESS,270841724,590.01,2458522.023590,18.903720,0.377792,0
TESS,146261607,591.01,2459262.045754,8.491512,0.251458,0
TESS,128463355,593.01,2458493.085090,13.908600,0.124458,0
TESS,287329267,595.01,2458331.947330,7.643480,0.115500,0
TESS,144956678,596.01,2459228.947101,1.513600,0.101670,0
TESS,146208651,597.01,2458519.223430,6.522400,0.109583,0
TESS,81429971,598.01,2459231.294700,3.042692,0.207595,0
TESS,145982812,599.01,2458518.469300,0.829670,0.073125,0
TESS,134396419,600.01,2458491.920940,4.365390,0.101125,0
TESS,145027461,604.01,2458492.726550,1.072420,0.083167,0
TESS,122262940,606.01,2458519.946080,2.003370,0.128792,0
TESS,153651591,607.01,2459230.769216,2.145632,0.090334,0
TESS,80275202,610.01,2458495.341810,3.664650,0.115000,0
TESS,118021229,614.01,2458518.281400,0.885010,0.067583,0
TESS,141227133,617.01,2458518.700040,2.422320,0.119708,0
TESS,267527924,619.01,2458492.851700,1.808190,0.115958,0
TESS,101395259,623.01,2458523.942997,15.151486,0.124202,0
TESS,399870368,624.01,2459197.007544,2.744321,0.142542,1
TESS,379929661,625.01,2459242.559429,4.786955,0.206667,1
TESS,65412605,626.01,2459250.299986,4.401044,0.197792,1
TESS,365781372,627.01,2458469.224080,1.138890,0.089750,0
TESS,281408474,628.01,2458469.235200,3.407600,0.153750,1
TESS,293853437,629.01,2459204.254985,8.717961,0.263924,1
TESS,97158538,631.01,2459229.708439,2.595075,0.033005,0
TESS,349790953,632.01,2459387.579573,1.552110,0.112458,0
TESS,348755723,633.01,2458517.809802,4.503645,0.082221,0
TESS,344926234,634.01,2458517.428167,0.493590,0.064412,0
TESS,286132427,635.01,2458517.435940,0.493379,0.062500,0
TESS,146463781,636.01,2458517.476816,0.417921,0.076831,0
TESS,78154865,638.01,2458517.427930,0.493826,0.048442,0
TESS,82362447,639.01,2458517.560677,2.819817,0.275470,0
TESS,147977348,640.01,2459205.304175,5.003775,0.152200,1
TESS,432008938,643.01,2458522.349321,9.653456,0.167057,0
TESS,157568289,645.01,2458468.736790,1.840510,0.193417,0
TESS,238197709,646.01,2459184.759271,13.725252,0.132059,0
TESS,78672342,648.01,2458471.301720,2.976380,0.133833,0
TESS,349373192,650.01,2458326.315280,0.769830,0.115583,0
TESS,22221375,652.01,2459272.445528,3.984677,0.101488,1
TESS,33153766,653.01,2458544.603770,0.688310,0.056875,0
TESS,35516889,655.01,2459304.062715,0.788839,0.066530,1
TESS,36734222,656.01,2459279.797452,0.813474,0.051278,1
TESS,48103627,657.01,2459283.031579,4.569670,0.164734,1
TESS,53189332,660.01,2459575.806751,9.289682,0.219667,1
TESS,53735810,661.01,2459283.745637,4.086057,0.186402,1
TESS,54085154,662.01,2458544.290670,1.001600,0.051583,0
TESS,55092869,664.01,2458544.341451,4.736094,0.296184,1
TESS,73723286,665.01,2458547.303252,14.065993,0.143434,0
TESS,101955023,667.01,2459280.989404,1.628932,0.033720,1
TESS,147660201,670.01,2458543.348205,0.579398,0.068422,0
TESS,151959065,673.01,2458551.637263,10.541282,0.260050,0
TESS,158588995,674.01,2459301.778142,1.977164,0.043229,1
TESS,169226822,675.01,2459575.923925,4.178063,0.174708,1
TESS,280206394,677.01,2459266.616993,11.236605,0.106041,1
TESS,429304876,682.01,2459298.626502,6.839234,0.185056,1
TESS,437248515,683.01,2459303.595258,3.405888,0.098500,1
TESS,281731203,685.01,2459570.425772,11.633454,0.211708,1
TESS,339636032,688.01,2459140.329214,6.878764,0.117708,0
TESS,445822015,689.01,2458545.056950,1.664020,0.141542,0
TESS,101497191,690.01,2458547.351190,3.643760,0.140833,0
TESS,320417762,692.01,2458491.740510,1.036040,0.077292,0
TESS,458589703,693.01,2458506.493740,nan,0.167875,0
TESS,55383975,694.01,2458366.770735,48.052160,0.185561,0
TESS,77156829,696.01,2458411.473627,0.860241,0.021351,1
TESS,77156829,696.02,2458411.067517,3.694260,0.046994,1
TESS,150428135,700.01,2459303.157062,16.051141,0.057600,1
TESS,150428135,700.02,2458330.475076,37.424337,0.136827,1
TESS,150428135,700.03,2459349.036881,9.977313,0.088509,1
TESS,219239945,701.01,2458389.366552,13.697384,0.199327,0
TESS,260004324,704.01,2459319.128775,3.814294,0.058492,1
TESS,391821647,708.01,2458325.573663,1.996071,0.246287,0
TESS,309402106,710.01,2458343.942146,216.245840,0.044599,0
TESS,150151262,712.03,2458417.120619,53.746482,0.233041,0
TESS,119081096,716.01,2458518.109910,0.837070,0.104042,0
TESS,275248683,717.01,2458518.266170,0.530790,0.051583,0
TESS,150247134,718.01,2459144.828069,12.865077,0.165792,0
TESS,184952758,719.01,2458519.892450,4.105530,0.177792,0
TESS,131419878,720.01,2458494.089150,3.160430,0.080083,0
TESS,410245915,725.01,2458518.762260,0.988770,0.068750,0
TESS,174143743,726.01,2458492.313130,0.461320,0.055000,0
TESS,11561667,730.01,2458543.869424,3.087629,0.092408,1
TESS,34068865,731.01,2459304.837529,0.321926,0.020798,1
TESS,36724087,732.01,2458543.906648,0.768390,0.042672,1
TESS,36724087,732.02,2458546.849602,12.252177,0.057580,1
TESS,150271680,735.01,2458543.967327,2.593694,0.127268,0
TESS,181804752,736.01,2459285.014805,4.989903,0.045910,1
TESS,181804752,736.02,2458543.557720,0.947995,0.024211,1
TESS,219189765,737.01,2458544.430940,1.731851,0.068605,1
TESS,373424049,742.01,2458543.475174,0.963081,0.099105,0
TESS,437242640,744.01,2459284.745910,4.317685,0.087542,1
TESS,15445551,747.01,2459308.413696,1.682790,0.125765,1
TESS,104024556,748.01,2459307.956112,2.021898,0.125277,1
TESS,14614418,750.01,2459304.327073,0.837844,0.073667,1
TESS,14661418,751.01,2459303.027567,4.722815,0.091226,1
TESS,61538902,752.01,2459309.447174,5.748134,0.111334,1
TESS,73228647,755.01,2459309.380835,2.539762,0.097481,1
TESS,178819686,763.01,2459312.071244,5.602448,0.124835,1
TESS,178819686,763.02,2459309.606206,12.277306,0.179441,1
TESS,219401954,765.01,2458570.226021,0.861484,0.053903,0
TESS,219698950,766.01,2459304.659500,3.446453,0.101367,1
TESS,229047362,767.01,2458572.990673,3.764873,0.115000,1
TESS,248075138,769.01,2459312.103389,4.981665,0.118519,1
TESS,248111245,770.01,2459310.764623,4.637048,0.200993,1
TESS,286865921,773.01,2459309.364582,4.971281,0.137576,1
TESS,294301883,774.01,2459310.444439,4.465634,0.146355,1
TESS,304042899,775.01,2459313.564230,12.445874,0.480936,0
TESS,306996324,776.01,2459324.534762,15.665318,0.122624,1
TESS,306996324,776.02,2458571.415385,8.243393,0.100989,1
TESS,398943781,780.01,2459308.534922,3.052441,0.109277,1
TESS,413376180,781.01,2459303.359237,1.354135,0.078917,1
TESS,294780517,792.01,2458416.483921,15.649897,0.056358,0
TESS,300013921,793.01,2458362.367522,163.987428,0.119130,0
TESS,277099925,796.01,2458325.966891,0.808631,0.125793,0
TESS,143526444,803.01,2458505.031281,15.302253,0.293020,0
TESS,55525572,813.01,2459125.846913,83.896753,0.543405,1
TESS,255760319,814.01,2458359.733940,7.210480,0.111292,0
TESS,175180796,816.01,2458493.443120,1.557470,0.113083,0
TESS,30312676,817.01,2459126.769200,1.102230,0.108250,0
TESS,46096489,818.01,2458598.072777,3.118536,0.085136,1
TESS,73717937,819.01,2458602.088843,16.257799,0.207084,1
TESS,111991770,820.01,2458599.445086,3.752062,0.153336,1
TESS,125405602,821.01,2458606.784642,13.823303,0.056884,0
TESS,127530399,822.01,2459359.008313,7.133518,0.125250,1
TESS,193641523,824.01,2459334.698257,1.392975,0.048367,1
TESS,220029715,825.01,2459309.073681,3.185332,0.098523,1
TESS,243200602,826.01,2459312.195914,11.550246,0.152779,1
TESS,271168962,828.01,2458601.579679,5.322154,0.161983,1
TESS,350332997,832.01,2459357.079526,1.916022,0.058542,0
TESS,404340025,834.01,2459335.491105,2.675495,0.134441,1
TESS,440887364,836.01,2459356.164023,8.595479,0.102917,1
TESS,460205581,837.01,2459356.814057,8.324931,0.068625,1
TESS,461271719,838.01,2459319.912483,7.624669,0.058417,0
TESS,466840711,839.01,2458571.551642,2.485581,0.125068,1
TESS,287563610,840.01,2459309.562448,3.799565,0.097036,1
TESS,437333618,843.01,2459307.702523,4.298644,0.126697,1
TESS,380886535,844.01,2459451.724033,8.906625,0.081743,0
TESS,32283946,845.01,2458389.002400,7.061810,0.243875,0
TESS,229141709,846.01,2458363.762960,14.204890,0.205167,0
TESS,42015200,848.01,2458391.663180,9.777420,0.279708,0
TESS,33595516,849.01,2458384.019560,0.765660,0.060500,1
TESS,404467699,857.01,2459137.830843,3.908024,0.137167,1
TESS,372913430,861.01,2459169.053069,6.739160,0.105708,0
TESS,381976956,866.01,2458330.873539,22.338916,0.142176,0
TESS,271596418,868.01,2458325.748771,0.556109,0.045696,0
TESS,200807066,869.01,2458404.081157,26.477129,0.205437,0
TESS,219380235,878.01,2459196.628398,3.977390,0.117500,0
TESS,37084932,879.01,2458470.644310,6.584540,0.141458,0
TESS,237808867,881.01,2458468.864670,0.567080,0.052208,0
TESS,92013169,882.01,2459547.669391,2.355260,0.046833,0
TESS,167031605,884.01,2458468.697410,2.780900,0.075125,0
TESS,120269103,886.01,2459203.108337,20.427673,0.216160,0
TESS,438295981,888.01,2458472.158370,3.966430,0.084375,0
TESS,284288080,889.01,2458469.907190,1.834850,0.111375,0
TESS,33690636,891.01,2458468.954500,4.999150,0.219000,0
TESS,66561343,892.01,2459219.552074,10.626584,0.225625,1
TESS,42755801,894.01,2459204.186948,4.343955,0.259341,0
TESS,250484865,895.01,2458468.758110,0.761890,0.079333,0
TESS,102283403,896.01,2458471.132850,3.529850,0.079458,0
TESS,229384040,897.01,2458469.295280,1.292770,0.100542,0
TESS,124543547,898.01,2458487.500000,nan,0.306333,0
TESS,261867566,905.01,2459365.045441,3.739569,0.084270,1
TESS,364107753,909.01,2458628.087364,3.904822,0.185742,0
TESS,153027658,914.01,2458384.924700,2.337492,0.094958,0
TESS,259389219,915.01,2459199.865578,2.325016,0.073958,0
TESS,348844154,916.01,2458343.206600,29.173620,0.336458,0
TESS,294869729,918.01,2459199.904943,1.114007,0.128000,0
TESS,271722899,920.01,2458335.234110,19.299800,0.132083,0
TESS,278199349,922.01,2458418.218570,9.465160,0.164625,0
TESS,301051430,923.01,2459146.870441,3.273467,0.073256,0
TESS,300599466,925.01,2458331.865370,13.177410,0.114583,0
TESS,261258875,927.01,2458327.450030,2.585200,0.081792,0
TESS,300557619,928.01,2458350.322220,30.579080,0.262375,0
TESS,260476837,935.01,2458627.063627,2.232659,0.105764,0
TESS,425163745,937.01,2458438.556680,0.276640,0.030000,0
TESS,146520535,942.01,2458441.571670,4.327650,0.132542,1
TESS,434234955,944.01,2458439.348800,6.045480,0.144833,0
TESS,219205407,946.01,2459356.387875,6.125309,0.083000,0
TESS,189013222,949.01,2459199.159811,1.322870,0.066208,0
TESS,245947683,950.01,2458439.354520,1.142880,0.070792,0
TESS,449050247,951.01,2458441.299300,2.968450,0.154458,0
TESS,449050248,953.01,2458441.299350,2.968440,0.152625,0
TESS,44792534,954.01,2459167.324830,3.684970,0.189000,1
TESS,146467675,955.01,2458438.258730,1.637150,0.067417,0
TESS,146434840,956.01,2458445.265990,17.954730,0.130792,0
TESS,249067445,957.01,2459198.904200,0.831794,0.078125,0
TESS,279999655,959.01,2458492.695410,1.541040,0.070250,0
TESS,5109298,960.01,2458491.796650,1.622100,0.101167,0
TESS,265077027,961.01,2458496.168290,4.795860,0.088833,0
TESS,141776043,962.01,2458493.357870,4.062690,0.179125,0
TESS,179155220,964.01,2458491.888820,0.602740,0.076417,0
TESS,179159972,965.01,2458491.952270,1.371010,0.099125,0
TESS,178367144,966.01,2459229.298885,3.409244,0.133502,1
TESS,445586472,967.01,2459230.004598,1.739363,0.150288,0
TESS,453209605,968.01,2458493.617460,2.809440,0.131292,0
TESS,177722855,971.01,2459203.896937,2.390366,0.249747,0
TESS,125894957,972.01,2458493.150260,2.674250,0.157458,0
TESS,409459226,973.01,2458491.828390,1.279970,0.101042,0
TESS,333821572,974.01,2459230.497091,2.826544,0.124984,0
TESS,133654092,975.01,2458493.127100,1.973530,0.090375,0
TESS,347098457,976.01,2459230.210781,3.151041,0.123572,0
TESS,268371979,977.01,2458492.395810,2.781020,0.069042,0
TESS,5772442,979.01,2458492.501810,1.105780,0.077917,0
TESS,93594834,980.01,2459228.778145,1.338755,0.135055,0
TESS,177126182,982.01,2459203.401530,6.304209,0.209967,0
TESS,148659924,983.01,2458497.220310,7.384600,0.199792,0
TESS,33091633,984.01,2458495.713360,7.521180,0.255542,0
TESS,425220920,985.01,2458494.522010,8.769050,0.146000,0
TESS,52548453,987.01,2458495.942440,5.215170,0.235625,0
TESS,113553629,988.01,2458491.915420,4.304380,0.126542,0
TESS,108835813,992.01,2458494.065810,4.765160,0.120500,0
TESS,93963408,994.01,2459229.899754,2.396722,0.164388,0
TESS,317951248,995.01,2458493.528300,3.443800,0.107167,0
TESS,142918609,996.01,2458494.777970,14.537800,0.284417,0
TESS,341729521,997.01,2459230.149086,8.413486,0.148201,0
TESS,54390047,998.01,2459229.569561,0.941436,0.056696,0
TESS,341186896,999.01,2459037.522482,1.508142,0.115520,0
